Program,Year,Period,Week Ending,Geo Level,State,State ANSI,Ag District,Ag District Code,County,County ANSI,Zip Code,Region,watershed_code,Watershed,Commodity,Data Item,Domain,Domain Category,Value,CV (%)
SURVEY,2018,YEAR,,STATE,ILLINOIS,17,,,,,,,0,,CORN,"CORN, GRAIN - PRODUCTION, MEASURED IN BU",TOTAL,NOT SPECIFIED,2268000000.00,
SURVEY,2018,YEAR,,STATE,INDIANA,18,,,,,,,0,,CORN,"CORN, GRAIN - PRODUCTION, MEASURED IN BU",TOTAL,NOT SPECIFIED,967680000.00,
SURVEY,2018,YEAR,,STATE,IOWA,19,,,,,,,0,,CORN,"CORN, GRAIN - PRODUCTION, MEASURED IN BU",TOTAL,NOT SPECIFIED,2499000000.00,
SURVEY,2018,YEAR,,STATE,KANSAS,20,,,,,,,0,,CORN,"CORN, GRAIN - PRODUCTION, MEASURED IN BU",TOTAL,NOT SPECIFIED,642420000.00,
SURVEY,2018,YEAR,,STATE,MICHIGAN,26,,,,,,,0,,CORN,"CORN, GRAIN - PRODUCTION, MEASURED IN BU",TOTAL,NOT SPECIFIED,289170000.00,
SURVEY,2018,YEAR,,STATE,MINNESOTA,27,,,,,,,0,,CORN,"CORN, GRAIN - PRODUCTION, MEASURED IN BU",TOTAL,NOT SPECIFIED,1357720000.00,
SURVEY,2018,YEAR,,STATE,MISSOURI,29,,,,,,,0,,CORN,"CORN, GRAIN - PRODUCTION, MEASURED IN BU",TOTAL,NOT SPECIFIED,466200000.00,
SURVEY,2018,YEAR,,STATE,NEBRASKA,31,,,,,,,0,,CORN,"CORN, GRAIN - PRODUCTION, MEASURED IN BU",TOTAL,NOT SPECIFIED,1785600000.00,
SURVEY,2018,YEAR,,STATE,NORTH DAKOTA,38,,,,,,,0,,CORN,"CORN, GRAIN - PRODUCTION, MEASURED IN BU",TOTAL,NOT SPECIFIED,448290000.00,
SURVEY,2018,YEAR,,STATE,OHIO,39,,,,,,,0,,CORN,"CORN, GRAIN - PRODUCTION, MEASURED IN BU",TOTAL,NOT SPECIFIED,617100000.00,
SURVEY,2018,YEAR,,STATE,SOUTH DAKOTA,46,,,,,,,0,,CORN,"CORN, GRAIN - PRODUCTION, MEASURED IN BU",TOTAL,NOT SPECIFIED,777600000.00,
SURVEY,2018,YEAR,,STATE,WISCONSIN,55,,,,,,,0,,CORN,"CORN, GRAIN - PRODUCTION, MEASURED IN BU",TOTAL,NOT SPECIFIED,545240000.00,
SURVEY,2018,YEAR - AUG FORECAST,,STATE,ILLINOIS,17,,,,,,,0,,CORN,"CORN, GRAIN - PRODUCTION, MEASURED IN BU",TOTAL,NOT SPECIFIED,2245950000.00,
SURVEY,2018,YEAR - AUG FORECAST,,STATE,INDIANA,18,,,,,,,0,,CORN,"CORN, GRAIN - PRODUCTION, MEASURED IN BU",TOTAL,NOT SPECIFIED,915120000.00,
SURVEY,2018,YEAR - AUG FORECAST,,STATE,IOWA,19,,,,,,,0,,CORN,"CORN, GRAIN - PRODUCTION, MEASURED IN BU",TOTAL,NOT SPECIFIED,2595700000.00,
SURVEY,2018,YEAR - AUG FORECAST,,STATE,KANSAS,20,,,,,,,0,,CORN,"CORN, GRAIN - PRODUCTION, MEASURED IN BU",TOTAL,NOT SPECIFIED,657900000.00,
SURVEY,2018,YEAR - AUG FORECAST,,STATE,MICHIGAN,26,,,,,,,0,,CORN,"CORN, GRAIN - PRODUCTION, MEASURED IN BU",TOTAL,NOT SPECIFIED,292300000.00,
SURVEY,2018,YEAR - AUG FORECAST,,STATE,MINNESOTA,27,,,,,,,0,,CORN,"CORN, GRAIN - PRODUCTION, MEASURED IN BU",TOTAL,NOT SPECIFIED,1413400000.00,
SURVEY,2018,YEAR - AUG FORECAST,,STATE,MISSOURI,29,,,,,,,0,,CORN,"CORN, GRAIN - PRODUCTION, MEASURED IN BU",TOTAL,NOT SPECIFIED,425750000.00,
SURVEY,2018,YEAR - AUG FORECAST,,STATE,NEBRASKA,31,,,,,,,0,,CORN,"CORN, GRAIN - PRODUCTION, MEASURED IN BU",TOTAL,NOT SPECIFIED,1832600000.00,
SURVEY,2018,YEAR - AUG FORECAST,,STATE,NORTH DAKOTA,38,,,,,,,0,,CORN,"CORN, GRAIN - PRODUCTION, MEASURED IN BU",TOTAL,NOT SPECIFIED,458800000.00,
SURVEY,2018,YEAR - AUG FORECAST,,STATE,OHIO,39,,,,,,,0,,CORN,"CORN, GRAIN - PRODUCTION, MEASURED IN BU",TOTAL,NOT SPECIFIED,595800000.00,
SURVEY,2018,YEAR - AUG FORECAST,,STATE,SOUTH DAKOTA,46,,,,,,,0,,CORN,"CORN, GRAIN - PRODUCTION, MEASURED IN BU",TOTAL,NOT SPECIFIED,824500000.00,
SURVEY,2018,YEAR - AUG FORECAST,,STATE,WISCONSIN,55,,,,,,,0,,CORN,"CORN, GRAIN - PRODUCTION, MEASURED IN BU",TOTAL,NOT SPECIFIED,531000000.00,
SURVEY,2018,YEAR - NOV FORECAST,,STATE,ILLINOIS,17,,,,,,,0,,CORN,"CORN, GRAIN - PRODUCTION, MEASURED IN BU",TOTAL,NOT SPECIFIED,2278500000.00,
SURVEY,2018,YEAR - NOV FORECAST,,STATE,INDIANA,18,,,,,,,0,,CORN,"CORN, GRAIN - PRODUCTION, MEASURED IN BU",TOTAL,NOT SPECIFIED,1002980000.00,
SURVEY,2018,YEAR - NOV FORECAST,,STATE,IOWA,19,,,,,,,0,,CORN,"CORN, GRAIN - PRODUCTION, MEASURED IN BU",TOTAL,NOT SPECIFIED,2524500000.00,
SURVEY,2018,YEAR - NOV FORECAST,,STATE,KANSAS,20,,,,,,,0,,CORN,"CORN, GRAIN - PRODUCTION, MEASURED IN BU",TOTAL,NOT SPECIFIED,663000000.00,
SURVEY,2018,YEAR - NOV FORECAST,,STATE,MICHIGAN,26,,,,,,,0,,CORN,"CORN, GRAIN - PRODUCTION, MEASURED IN BU",TOTAL,NOT SPECIFIED,315400000.00,
SURVEY,2018,YEAR - NOV FORECAST,,STATE,MINNESOTA,27,,,,,,,0,,CORN,"CORN, GRAIN - PRODUCTION, MEASURED IN BU",TOTAL,NOT SPECIFIED,1370800000.00,
SURVEY,2018,YEAR - NOV FORECAST,,STATE,MISSOURI,29,,,,,,,0,,CORN,"CORN, GRAIN - PRODUCTION, MEASURED IN BU",TOTAL,NOT SPECIFIED,485750000.00,
SURVEY,2018,YEAR - NOV FORECAST,,STATE,NEBRASKA,31,,,,,,,0,,CORN,"CORN, GRAIN - PRODUCTION, MEASURED IN BU",TOTAL,NOT SPECIFIED,1803750000.00,
SURVEY,2018,YEAR - NOV FORECAST,,STATE,NORTH DAKOTA,38,,,,,,,0,,CORN,"CORN, GRAIN - PRODUCTION, MEASURED IN BU",TOTAL,NOT SPECIFIED,426320000.00,
SURVEY,2018,YEAR - NOV FORECAST,,STATE,OHIO,39,,,,,,,0,,CORN,"CORN, GRAIN - PRODUCTION, MEASURED IN BU",TOTAL,NOT SPECIFIED,629180000.00,
SURVEY,2018,YEAR - NOV FORECAST,,STATE,SOUTH DAKOTA,46,,,,,,,0,,CORN,"CORN, GRAIN - PRODUCTION, MEASURED IN BU",TOTAL,NOT SPECIFIED,821700000.00,
SURVEY,2018,YEAR - NOV FORECAST,,STATE,WISCONSIN,55,,,,,,,0,,CORN,"CORN, GRAIN - PRODUCTION, MEASURED IN BU",TOTAL,NOT SPECIFIED,531000000.00,
SURVEY,2018,YEAR - OCT FORECAST,,STATE,ILLINOIS,17,,,,,,,0,,CORN,"CORN, GRAIN - PRODUCTION, MEASURED IN BU",TOTAL,NOT SPECIFIED,2300200000.00,
SURVEY,2018,YEAR - OCT FORECAST,,STATE,INDIANA,18,,,,,,,0,,CORN,"CORN, GRAIN - PRODUCTION, MEASURED IN BU",TOTAL,NOT SPECIFIED,1002980000.00,
SURVEY,2018,YEAR - OCT FORECAST,,STATE,IOWA,19,,,,,,,0,,CORN,"CORN, GRAIN - PRODUCTION, MEASURED IN BU",TOTAL,NOT SPECIFIED,2601000000.00,
SURVEY,2018,YEAR - OCT FORECAST,,STATE,KANSAS,20,,,,,,,0,,CORN,"CORN, GRAIN - PRODUCTION, MEASURED IN BU",TOTAL,NOT SPECIFIED,663000000.00,
SURVEY,2018,YEAR - OCT FORECAST,,STATE,MICHIGAN,26,,,,,,,0,,CORN,"CORN, GRAIN - PRODUCTION, MEASURED IN BU",TOTAL,NOT SPECIFIED,309700000.00,
SURVEY,2018,YEAR - OCT FORECAST,,STATE,MINNESOTA,27,,,,,,,0,,CORN,"CORN, GRAIN - PRODUCTION, MEASURED IN BU",TOTAL,NOT SPECIFIED,1422950000.00,
SURVEY,2018,YEAR - OCT FORECAST,,STATE,MISSOURI,29,,,,,,,0,,CORN,"CORN, GRAIN - PRODUCTION, MEASURED IN BU",TOTAL,NOT SPECIFIED,475700000.00,
SURVEY,2018,YEAR - OCT FORECAST,,STATE,NEBRASKA,31,,,,,,,0,,CORN,"CORN, GRAIN - PRODUCTION, MEASURED IN BU",TOTAL,NOT SPECIFIED,1803750000.00,
SURVEY,2018,YEAR - OCT FORECAST,,STATE,NORTH DAKOTA,38,,,,,,,0,,CORN,"CORN, GRAIN - PRODUCTION, MEASURED IN BU",TOTAL,NOT SPECIFIED,426320000.00,
SURVEY,2018,YEAR - OCT FORECAST,,STATE,OHIO,39,,,,,,,0,,CORN,"CORN, GRAIN - PRODUCTION, MEASURED IN BU",TOTAL,NOT SPECIFIED,619400000.00,
SURVEY,2018,YEAR - OCT FORECAST,,STATE,SOUTH DAKOTA,46,,,,,,,0,,CORN,"CORN, GRAIN - PRODUCTION, MEASURED IN BU",TOTAL,NOT SPECIFIED,851400000.00,
SURVEY,2018,YEAR - OCT FORECAST,,STATE,WISCONSIN,55,,,,,,,0,,CORN,"CORN, GRAIN - PRODUCTION, MEASURED IN BU",TOTAL,NOT SPECIFIED,537000000.00,
SURVEY,2018,YEAR - SEP FORECAST,,STATE,ILLINOIS,17,,,,,,,0,,CORN,"CORN, GRAIN - PRODUCTION, MEASURED IN BU",TOTAL,NOT SPECIFIED,2321900000.00,
SURVEY,2018,YEAR - SEP FORECAST,,STATE,INDIANA,18,,,,,,,0,,CORN,"CORN, GRAIN - PRODUCTION, MEASURED IN BU",TOTAL,NOT SPECIFIED,944640000.00,
SURVEY,2018,YEAR - SEP FORECAST,,STATE,IOWA,19,,,,,,,0,,CORN,"CORN, GRAIN - PRODUCTION, MEASURED IN BU",TOTAL,NOT SPECIFIED,2647100000.00,
SURVEY,2018,YEAR - SEP FORECAST,,STATE,KANSAS,20,,,,,,,0,,CORN,"CORN, GRAIN - PRODUCTION, MEASURED IN BU",TOTAL,NOT SPECIFIED,668100000.00,
SURVEY,2018,YEAR - SEP FORECAST,,STATE,MICHIGAN,26,,,,,,,0,,CORN,"CORN, GRAIN - PRODUCTION, MEASURED IN BU",TOTAL,NOT SPECIFIED,305250000.00,
SURVEY,2018,YEAR - SEP FORECAST,,STATE,MINNESOTA,27,,,,,,,0,,CORN,"CORN, GRAIN - PRODUCTION, MEASURED IN BU",TOTAL,NOT SPECIFIED,1413400000.00,
SURVEY,2018,YEAR - SEP FORECAST,,STATE,MISSOURI,29,,,,,,,0,,CORN,"CORN, GRAIN - PRODUCTION, MEASURED IN BU",TOTAL,NOT SPECIFIED,448500000.00,
SURVEY,2018,YEAR - SEP FORECAST,,STATE,NEBRASKA,31,,,,,,,0,,CORN,"CORN, GRAIN - PRODUCTION, MEASURED IN BU",TOTAL,NOT SPECIFIED,1851300000.00,
SURVEY,2018,YEAR - SEP FORECAST,,STATE,NORTH DAKOTA,38,,,,,,,0,,CORN,"CORN, GRAIN - PRODUCTION, MEASURED IN BU",TOTAL,NOT SPECIFIED,440200000.00,
SURVEY,2018,YEAR - SEP FORECAST,,STATE,OHIO,39,,,,,,,0,,CORN,"CORN, GRAIN - PRODUCTION, MEASURED IN BU",TOTAL,NOT SPECIFIED,622280000.00,
SURVEY,2018,YEAR - SEP FORECAST,,STATE,SOUTH DAKOTA,46,,,,,,,0,,CORN,"CORN, GRAIN - PRODUCTION, MEASURED IN BU",TOTAL,NOT SPECIFIED,839050000.00,
SURVEY,2018,YEAR - SEP FORECAST,,STATE,WISCONSIN,55,,,,,,,0,,CORN,"CORN, GRAIN - PRODUCTION, MEASURED IN BU",TOTAL,NOT SPECIFIED,537000000.00,
CENSUS,2017,YEAR,,STATE,ILLINOIS,17,,,,,,,0,,CORN,"CORN, GRAIN - PRODUCTION, MEASURED IN BU",TOTAL,NOT SPECIFIED,2187782071.00,3
CENSUS,2017,YEAR,,STATE,INDIANA,18,,,,,,,0,,CORN,"CORN, GRAIN - PRODUCTION, MEASURED IN BU",TOTAL,NOT SPECIFIED,980332687.00,2.5
CENSUS,2017,YEAR,,STATE,IOWA,19,,,,,,,0,,CORN,"CORN, GRAIN - PRODUCTION, MEASURED IN BU",TOTAL,NOT SPECIFIED,2583967870.00,1.7
CENSUS,2017,YEAR,,STATE,KANSAS,20,,,,,,,0,,CORN,"CORN, GRAIN - PRODUCTION, MEASURED IN BU",TOTAL,NOT SPECIFIED,693862078.00,3
CENSUS,2017,YEAR,,STATE,MICHIGAN,26,,,,,,,0,,CORN,"CORN, GRAIN - PRODUCTION, MEASURED IN BU",TOTAL,NOT SPECIFIED,344533785.00,5.7
CENSUS,2017,YEAR,,STATE,MINNESOTA,27,,,,,,,0,,CORN,"CORN, GRAIN - PRODUCTION, MEASURED IN BU",TOTAL,NOT SPECIFIED,1494241562.00,2.4
CENSUS,2017,YEAR,,STATE,MISSOURI,29,,,,,,,0,,CORN,"CORN, GRAIN - PRODUCTION, MEASURED IN BU",TOTAL,NOT SPECIFIED,563873264.00,5.9
CENSUS,2017,YEAR,,STATE,NEBRASKA,31,,,,,,,0,,CORN,"CORN, GRAIN - PRODUCTION, MEASURED IN BU",TOTAL,NOT SPECIFIED,1694898568.00,6.7
CENSUS,2017,YEAR,,STATE,NORTH DAKOTA,38,,,,,,,0,,CORN,"CORN, GRAIN - PRODUCTION, MEASURED IN BU",TOTAL,NOT SPECIFIED,452800789.00,7.6
CENSUS,2017,YEAR,,STATE,OHIO,39,,,,,,,0,,CORN,"CORN, GRAIN - PRODUCTION, MEASURED IN BU",TOTAL,NOT SPECIFIED,566516083.00,1.6
CENSUS,2017,YEAR,,STATE,SOUTH DAKOTA,46,,,,,,,0,,CORN,"CORN, GRAIN - PRODUCTION, MEASURED IN BU",TOTAL,NOT SPECIFIED,768250076.00,4.4
CENSUS,2017,YEAR,,STATE,WISCONSIN,55,,,,,,,0,,CORN,"CORN, GRAIN - PRODUCTION, MEASURED IN BU",TOTAL,NOT SPECIFIED,519334406.00,4.4
SURVEY,2017,YEAR,,STATE,ILLINOIS,17,,,,,,,0,,CORN,"CORN, GRAIN - PRODUCTION, MEASURED IN BU",TOTAL,NOT SPECIFIED,2200950000.00,
SURVEY,2017,YEAR,,STATE,INDIANA,18,,,,,,,0,,CORN,"CORN, GRAIN - PRODUCTION, MEASURED IN BU",TOTAL,NOT SPECIFIED,936000000.00,
SURVEY,2017,YEAR,,STATE,IOWA,19,,,,,,,0,,CORN,"CORN, GRAIN - PRODUCTION, MEASURED IN BU",TOTAL,NOT SPECIFIED,2605800000.00,
SURVEY,2017,YEAR,,STATE,KANSAS,20,,,,,,,0,,CORN,"CORN, GRAIN - PRODUCTION, MEASURED IN BU",TOTAL,NOT SPECIFIED,686400000.00,
SURVEY,2017,YEAR,,STATE,MICHIGAN,26,,,,,,,0,,CORN,"CORN, GRAIN - PRODUCTION, MEASURED IN BU",TOTAL,NOT SPECIFIED,300510000.00,
SURVEY,2017,YEAR,,STATE,MINNESOTA,27,,,,,,,0,,CORN,"CORN, GRAIN - PRODUCTION, MEASURED IN BU",TOTAL,NOT SPECIFIED,1480220000.00,
SURVEY,2017,YEAR,,STATE,MISSOURI,29,,,,,,,0,,CORN,"CORN, GRAIN - PRODUCTION, MEASURED IN BU",TOTAL,NOT SPECIFIED,552500000.00,
SURVEY,2017,YEAR,,STATE,NEBRASKA,31,,,,,,,0,,CORN,"CORN, GRAIN - PRODUCTION, MEASURED IN BU",TOTAL,NOT SPECIFIED,1683300000.00,
SURVEY,2017,YEAR,,STATE,NORTH DAKOTA,38,,,,,,,0,,CORN,"CORN, GRAIN - PRODUCTION, MEASURED IN BU",TOTAL,NOT SPECIFIED,448970000.00,
SURVEY,2017,YEAR,,STATE,OHIO,39,,,,,,,0,,CORN,"CORN, GRAIN - PRODUCTION, MEASURED IN BU",TOTAL,NOT SPECIFIED,557550000.00,
SURVEY,2017,YEAR,,STATE,SOUTH DAKOTA,46,,,,,,,0,,CORN,"CORN, GRAIN - PRODUCTION, MEASURED IN BU",TOTAL,NOT SPECIFIED,736600000.00,
SURVEY,2017,YEAR,,STATE,WISCONSIN,55,,,,,,,0,,CORN,"CORN, GRAIN - PRODUCTION, MEASURED IN BU",TOTAL,NOT SPECIFIED,509820000.00,
SURVEY,2017,YEAR - AUG FORECAST,,STATE,ILLINOIS,17,,,,,,,0,,CORN,"CORN, GRAIN - PRODUCTION, MEASURED IN BU",TOTAL,NOT SPECIFIED,2058600000.00,
SURVEY,2017,YEAR - AUG FORECAST,,STATE,INDIANA,18,,,,,,,0,,CORN,"CORN, GRAIN - PRODUCTION, MEASURED IN BU",TOTAL,NOT SPECIFIED,929010000.00,
SURVEY,2017,YEAR - AUG FORECAST,,STATE,IOWA,19,,,,,,,0,,CORN,"CORN, GRAIN - PRODUCTION, MEASURED IN BU",TOTAL,NOT SPECIFIED,2462800000.00,
SURVEY,2017,YEAR - AUG FORECAST,,STATE,KANSAS,20,,,,,,,0,,CORN,"CORN, GRAIN - PRODUCTION, MEASURED IN BU",TOTAL,NOT SPECIFIED,665000000.00,
SURVEY,2017,YEAR - AUG FORECAST,,STATE,MICHIGAN,26,,,,,,,0,,CORN,"CORN, GRAIN - PRODUCTION, MEASURED IN BU",TOTAL,NOT SPECIFIED,360400000.00,
SURVEY,2017,YEAR - AUG FORECAST,,STATE,MINNESOTA,27,,,,,,,0,,CORN,"CORN, GRAIN - PRODUCTION, MEASURED IN BU",TOTAL,NOT SPECIFIED,1381650000.00,
SURVEY,2017,YEAR - AUG FORECAST,,STATE,MISSOURI,29,,,,,,,0,,CORN,"CORN, GRAIN - PRODUCTION, MEASURED IN BU",TOTAL,NOT SPECIFIED,502200000.00,
SURVEY,2017,YEAR - AUG FORECAST,,STATE,NEBRASKA,31,,,,,,,0,,CORN,"CORN, GRAIN - PRODUCTION, MEASURED IN BU",TOTAL,NOT SPECIFIED,1738500000.00,
SURVEY,2017,YEAR - AUG FORECAST,,STATE,NORTH DAKOTA,38,,,,,,,0,,CORN,"CORN, GRAIN - PRODUCTION, MEASURED IN BU",TOTAL,NOT SPECIFIED,417450000.00,
SURVEY,2017,YEAR - AUG FORECAST,,STATE,OHIO,39,,,,,,,0,,CORN,"CORN, GRAIN - PRODUCTION, MEASURED IN BU",TOTAL,NOT SPECIFIED,552330000.00,
SURVEY,2017,YEAR - AUG FORECAST,,STATE,SOUTH DAKOTA,46,,,,,,,0,,CORN,"CORN, GRAIN - PRODUCTION, MEASURED IN BU",TOTAL,NOT SPECIFIED,672000000.00,
SURVEY,2017,YEAR - AUG FORECAST,,STATE,WISCONSIN,55,,,,,,,0,,CORN,"CORN, GRAIN - PRODUCTION, MEASURED IN BU",TOTAL,NOT SPECIFIED,494100000.00,
SURVEY,2017,YEAR - NOV FORECAST,,STATE,ILLINOIS,17,,,,,,,0,,CORN,"CORN, GRAIN - PRODUCTION, MEASURED IN BU",TOTAL,NOT SPECIFIED,2187900000.00,
SURVEY,2017,YEAR - NOV FORECAST,,STATE,INDIANA,18,,,,,,,0,,CORN,"CORN, GRAIN - PRODUCTION, MEASURED IN BU",TOTAL,NOT SPECIFIED,944820000.00,
SURVEY,2017,YEAR - NOV FORECAST,,STATE,IOWA,19,,,,,,,0,,CORN,"CORN, GRAIN - PRODUCTION, MEASURED IN BU",TOTAL,NOT SPECIFIED,2541300000.00,
SURVEY,2017,YEAR - NOV FORECAST,,STATE,KANSAS,20,,,,,,,0,,CORN,"CORN, GRAIN - PRODUCTION, MEASURED IN BU",TOTAL,NOT SPECIFIED,707200000.00,
SURVEY,2017,YEAR - NOV FORECAST,,STATE,MICHIGAN,26,,,,,,,0,,CORN,"CORN, GRAIN - PRODUCTION, MEASURED IN BU",TOTAL,NOT SPECIFIED,325650000.00,
SURVEY,2017,YEAR - NOV FORECAST,,STATE,MINNESOTA,27,,,,,,,0,,CORN,"CORN, GRAIN - PRODUCTION, MEASURED IN BU",TOTAL,NOT SPECIFIED,1453500000.00,
SURVEY,2017,YEAR - NOV FORECAST,,STATE,MISSOURI,29,,,,,,,0,,CORN,"CORN, GRAIN - PRODUCTION, MEASURED IN BU",TOTAL,NOT SPECIFIED,568750000.00,
SURVEY,2017,YEAR - NOV FORECAST,,STATE,NEBRASKA,31,,,,,,,0,,CORN,"CORN, GRAIN - PRODUCTION, MEASURED IN BU",TOTAL,NOT SPECIFIED,1664700000.00,
SURVEY,2017,YEAR - NOV FORECAST,,STATE,NORTH DAKOTA,38,,,,,,,0,,CORN,"CORN, GRAIN - PRODUCTION, MEASURED IN BU",TOTAL,NOT SPECIFIED,427460000.00,
SURVEY,2017,YEAR - NOV FORECAST,,STATE,OHIO,39,,,,,,,0,,CORN,"CORN, GRAIN - PRODUCTION, MEASURED IN BU",TOTAL,NOT SPECIFIED,541490000.00,
SURVEY,2017,YEAR - NOV FORECAST,,STATE,SOUTH DAKOTA,46,,,,,,,0,,CORN,"CORN, GRAIN - PRODUCTION, MEASURED IN BU",TOTAL,NOT SPECIFIED,787500000.00,
SURVEY,2017,YEAR - NOV FORECAST,,STATE,WISCONSIN,55,,,,,,,0,,CORN,"CORN, GRAIN - PRODUCTION, MEASURED IN BU",TOTAL,NOT SPECIFIED,495600000.00,
SURVEY,2017,YEAR - OCT FORECAST,,STATE,ILLINOIS,17,,,,,,,0,,CORN,"CORN, GRAIN - PRODUCTION, MEASURED IN BU",TOTAL,NOT SPECIFIED,2121600000.00,
SURVEY,2017,YEAR - OCT FORECAST,,STATE,INDIANA,18,,,,,,,0,,CORN,"CORN, GRAIN - PRODUCTION, MEASURED IN BU",TOTAL,NOT SPECIFIED,903060000.00,
SURVEY,2017,YEAR - OCT FORECAST,,STATE,IOWA,19,,,,,,,0,,CORN,"CORN, GRAIN - PRODUCTION, MEASURED IN BU",TOTAL,NOT SPECIFIED,2463900000.00,
SURVEY,2017,YEAR - OCT FORECAST,,STATE,KANSAS,20,,,,,,,0,,CORN,"CORN, GRAIN - PRODUCTION, MEASURED IN BU",TOTAL,NOT SPECIFIED,696800000.00,
SURVEY,2017,YEAR - OCT FORECAST,,STATE,MICHIGAN,26,,,,,,,0,,CORN,"CORN, GRAIN - PRODUCTION, MEASURED IN BU",TOTAL,NOT SPECIFIED,327600000.00,
SURVEY,2017,YEAR - OCT FORECAST,,STATE,MINNESOTA,27,,,,,,,0,,CORN,"CORN, GRAIN - PRODUCTION, MEASURED IN BU",TOTAL,NOT SPECIFIED,1407600000.00,
SURVEY,2017,YEAR - OCT FORECAST,,STATE,MISSOURI,29,,,,,,,0,,CORN,"CORN, GRAIN - PRODUCTION, MEASURED IN BU",TOTAL,NOT SPECIFIED,559000000.00,
SURVEY,2017,YEAR - OCT FORECAST,,STATE,NEBRASKA,31,,,,,,,0,,CORN,"CORN, GRAIN - PRODUCTION, MEASURED IN BU",TOTAL,NOT SPECIFIED,1683300000.00,
SURVEY,2017,YEAR - OCT FORECAST,,STATE,NORTH DAKOTA,38,,,,,,,0,,CORN,"CORN, GRAIN - PRODUCTION, MEASURED IN BU",TOTAL,NOT SPECIFIED,401940000.00,
SURVEY,2017,YEAR - OCT FORECAST,,STATE,OHIO,39,,,,,,,0,,CORN,"CORN, GRAIN - PRODUCTION, MEASURED IN BU",TOTAL,NOT SPECIFIED,541490000.00,
SURVEY,2017,YEAR - OCT FORECAST,,STATE,SOUTH DAKOTA,46,,,,,,,0,,CORN,"CORN, GRAIN - PRODUCTION, MEASURED IN BU",TOTAL,NOT SPECIFIED,771750000.00,
SURVEY,2017,YEAR - OCT FORECAST,,STATE,WISCONSIN,55,,,,,,,0,,CORN,"CORN, GRAIN - PRODUCTION, MEASURED IN BU",TOTAL,NOT SPECIFIED,483800000.00,
SURVEY,2017,YEAR - SEP FORECAST,,STATE,ILLINOIS,17,,,,,,,0,,CORN,"CORN, GRAIN - PRODUCTION, MEASURED IN BU",TOTAL,NOT SPECIFIED,2069550000.00,
SURVEY,2017,YEAR - SEP FORECAST,,STATE,INDIANA,18,,,,,,,0,,CORN,"CORN, GRAIN - PRODUCTION, MEASURED IN BU",TOTAL,NOT SPECIFIED,918270000.00,
SURVEY,2017,YEAR - SEP FORECAST,,STATE,IOWA,19,,,,,,,0,,CORN,"CORN, GRAIN - PRODUCTION, MEASURED IN BU",TOTAL,NOT SPECIFIED,2449700000.00,
SURVEY,2017,YEAR - SEP FORECAST,,STATE,KANSAS,20,,,,,,,0,,CORN,"CORN, GRAIN - PRODUCTION, MEASURED IN BU",TOTAL,NOT SPECIFIED,665000000.00,
SURVEY,2017,YEAR - SEP FORECAST,,STATE,MICHIGAN,26,,,,,,,0,,CORN,"CORN, GRAIN - PRODUCTION, MEASURED IN BU",TOTAL,NOT SPECIFIED,358280000.00,
SURVEY,2017,YEAR - SEP FORECAST,,STATE,MINNESOTA,27,,,,,,,0,,CORN,"CORN, GRAIN - PRODUCTION, MEASURED IN BU",TOTAL,NOT SPECIFIED,1374100000.00,
SURVEY,2017,YEAR - SEP FORECAST,,STATE,MISSOURI,29,,,,,,,0,,CORN,"CORN, GRAIN - PRODUCTION, MEASURED IN BU",TOTAL,NOT SPECIFIED,508400000.00,
SURVEY,2017,YEAR - SEP FORECAST,,STATE,NEBRASKA,31,,,,,,,0,,CORN,"CORN, GRAIN - PRODUCTION, MEASURED IN BU",TOTAL,NOT SPECIFIED,1719500000.00,
SURVEY,2017,YEAR - SEP FORECAST,,STATE,NORTH DAKOTA,38,,,,,,,0,,CORN,"CORN, GRAIN - PRODUCTION, MEASURED IN BU",TOTAL,NOT SPECIFIED,427800000.00,
SURVEY,2017,YEAR - SEP FORECAST,,STATE,OHIO,39,,,,,,,0,,CORN,"CORN, GRAIN - PRODUCTION, MEASURED IN BU",TOTAL,NOT SPECIFIED,558790000.00,
SURVEY,2017,YEAR - SEP FORECAST,,STATE,SOUTH DAKOTA,46,,,,,,,0,,CORN,"CORN, GRAIN - PRODUCTION, MEASURED IN BU",TOTAL,NOT SPECIFIED,696000000.00,
SURVEY,2017,YEAR - SEP FORECAST,,STATE,WISCONSIN,55,,,,,,,0,,CORN,"CORN, GRAIN - PRODUCTION, MEASURED IN BU",TOTAL,NOT SPECIFIED,494100000.00,
SURVEY,2016,YEAR,,STATE,ILLINOIS,17,,,,,,,0,,CORN,"CORN, GRAIN - PRODUCTION, MEASURED IN BU",TOTAL,NOT SPECIFIED,2255650000.00,
SURVEY,2016,YEAR,,STATE,INDIANA,18,,,,,,,0,,CORN,"CORN, GRAIN - PRODUCTION, MEASURED IN BU",TOTAL,NOT SPECIFIED,946310000.00,
SURVEY,2016,YEAR,,STATE,IOWA,19,,,,,,,0,,CORN,"CORN, GRAIN - PRODUCTION, MEASURED IN BU",TOTAL,NOT SPECIFIED,2740500000.00,
SURVEY,2016,YEAR,,STATE,KANSAS,20,,,,,,,0,,CORN,"CORN, GRAIN - PRODUCTION, MEASURED IN BU",TOTAL,NOT SPECIFIED,698640000.00,
SURVEY,2016,YEAR,,STATE,MICHIGAN,26,,,,,,,0,,CORN,"CORN, GRAIN - PRODUCTION, MEASURED IN BU",TOTAL,NOT SPECIFIED,320280000.00,
SURVEY,2016,YEAR,,STATE,MINNESOTA,27,,,,,,,0,,CORN,"CORN, GRAIN - PRODUCTION, MEASURED IN BU",TOTAL,NOT SPECIFIED,1544000000.00,
SURVEY,2016,YEAR,,STATE,MISSOURI,29,,,,,,,0,,CORN,"CORN, GRAIN - PRODUCTION, MEASURED IN BU",TOTAL,NOT SPECIFIED,570500000.00,
SURVEY,2016,YEAR,,STATE,NEBRASKA,31,,,,,,,0,,CORN,"CORN, GRAIN - PRODUCTION, MEASURED IN BU",TOTAL,NOT SPECIFIED,1699900000.00,
SURVEY,2016,YEAR,,STATE,NORTH DAKOTA,38,,,,,,,0,,CORN,"CORN, GRAIN - PRODUCTION, MEASURED IN BU",TOTAL,NOT SPECIFIED,516660000.00,
SURVEY,2016,YEAR,,STATE,OHIO,39,,,,,,,0,,CORN,"CORN, GRAIN - PRODUCTION, MEASURED IN BU",TOTAL,NOT SPECIFIED,524700000.00,
SURVEY,2016,YEAR,,STATE,SOUTH DAKOTA,46,,,,,,,0,,CORN,"CORN, GRAIN - PRODUCTION, MEASURED IN BU",TOTAL,NOT SPECIFIED,825930000.00,
SURVEY,2016,YEAR,,STATE,WISCONSIN,55,,,,,,,0,,CORN,"CORN, GRAIN - PRODUCTION, MEASURED IN BU",TOTAL,NOT SPECIFIED,573160000.00,
SURVEY,2016,YEAR - AUG FORECAST,,STATE,ILLINOIS,17,,,,,,,0,,CORN,"CORN, GRAIN - PRODUCTION, MEASURED IN BU",TOTAL,NOT SPECIFIED,2300000000.00,
SURVEY,2016,YEAR - AUG FORECAST,,STATE,INDIANA,18,,,,,,,0,,CORN,"CORN, GRAIN - PRODUCTION, MEASURED IN BU",TOTAL,NOT SPECIFIED,1049070000.00,
SURVEY,2016,YEAR - AUG FORECAST,,STATE,IOWA,19,,,,,,,0,,CORN,"CORN, GRAIN - PRODUCTION, MEASURED IN BU",TOTAL,NOT SPECIFIED,2679200000.00,
SURVEY,2016,YEAR - AUG FORECAST,,STATE,KANSAS,20,,,,,,,0,,CORN,"CORN, GRAIN - PRODUCTION, MEASURED IN BU",TOTAL,NOT SPECIFIED,659750000.00,
SURVEY,2016,YEAR - AUG FORECAST,,STATE,MICHIGAN,26,,,,,,,0,,CORN,"CORN, GRAIN - PRODUCTION, MEASURED IN BU",TOTAL,NOT SPECIFIED,328320000.00,
SURVEY,2016,YEAR - AUG FORECAST,,STATE,MINNESOTA,27,,,,,,,0,,CORN,"CORN, GRAIN - PRODUCTION, MEASURED IN BU",TOTAL,NOT SPECIFIED,1472000000.00,
SURVEY,2016,YEAR - AUG FORECAST,,STATE,MISSOURI,29,,,,,,,0,,CORN,"CORN, GRAIN - PRODUCTION, MEASURED IN BU",TOTAL,NOT SPECIFIED,589300000.00,
SURVEY,2016,YEAR - AUG FORECAST,,STATE,NEBRASKA,31,,,,,,,0,,CORN,"CORN, GRAIN - PRODUCTION, MEASURED IN BU",TOTAL,NOT SPECIFIED,1757800000.00,
SURVEY,2016,YEAR - AUG FORECAST,,STATE,NORTH DAKOTA,38,,,,,,,0,,CORN,"CORN, GRAIN - PRODUCTION, MEASURED IN BU",TOTAL,NOT SPECIFIED,438750000.00,
SURVEY,2016,YEAR - AUG FORECAST,,STATE,OHIO,39,,,,,,,0,,CORN,"CORN, GRAIN - PRODUCTION, MEASURED IN BU",TOTAL,NOT SPECIFIED,536270000.00,
SURVEY,2016,YEAR - AUG FORECAST,,STATE,SOUTH DAKOTA,46,,,,,,,0,,CORN,"CORN, GRAIN - PRODUCTION, MEASURED IN BU",TOTAL,NOT SPECIFIED,779100000.00,
SURVEY,2016,YEAR - AUG FORECAST,,STATE,WISCONSIN,55,,,,,,,0,,CORN,"CORN, GRAIN - PRODUCTION, MEASURED IN BU",TOTAL,NOT SPECIFIED,553600000.00,
SURVEY,2016,YEAR - NOV FORECAST,,STATE,ILLINOIS,17,,,,,,,0,,CORN,"CORN, GRAIN - PRODUCTION, MEASURED IN BU",TOTAL,NOT SPECIFIED,2323000000.00,
SURVEY,2016,YEAR - NOV FORECAST,,STATE,INDIANA,18,,,,,,,0,,CORN,"CORN, GRAIN - PRODUCTION, MEASURED IN BU",TOTAL,NOT SPECIFIED,957570000.00,
SURVEY,2016,YEAR - NOV FORECAST,,STATE,IOWA,19,,,,,,,0,,CORN,"CORN, GRAIN - PRODUCTION, MEASURED IN BU",TOTAL,NOT SPECIFIED,2686500000.00,
SURVEY,2016,YEAR - NOV FORECAST,,STATE,KANSAS,20,,,,,,,0,,CORN,"CORN, GRAIN - PRODUCTION, MEASURED IN BU",TOTAL,NOT SPECIFIED,712950000.00,
SURVEY,2016,YEAR - NOV FORECAST,,STATE,MICHIGAN,26,,,,,,,0,,CORN,"CORN, GRAIN - PRODUCTION, MEASURED IN BU",TOTAL,NOT SPECIFIED,334800000.00,
SURVEY,2016,YEAR - NOV FORECAST,,STATE,MINNESOTA,27,,,,,,,0,,CORN,"CORN, GRAIN - PRODUCTION, MEASURED IN BU",TOTAL,NOT SPECIFIED,1520000000.00,
SURVEY,2016,YEAR - NOV FORECAST,,STATE,MISSOURI,29,,,,,,,0,,CORN,"CORN, GRAIN - PRODUCTION, MEASURED IN BU",TOTAL,NOT SPECIFIED,585750000.00,
SURVEY,2016,YEAR - NOV FORECAST,,STATE,NEBRASKA,31,,,,,,,0,,CORN,"CORN, GRAIN - PRODUCTION, MEASURED IN BU",TOTAL,NOT SPECIFIED,1748000000.00,
SURVEY,2016,YEAR - NOV FORECAST,,STATE,NORTH DAKOTA,38,,,,,,,0,,CORN,"CORN, GRAIN - PRODUCTION, MEASURED IN BU",TOTAL,NOT SPECIFIED,500500000.00,
SURVEY,2016,YEAR - NOV FORECAST,,STATE,OHIO,39,,,,,,,0,,CORN,"CORN, GRAIN - PRODUCTION, MEASURED IN BU",TOTAL,NOT SPECIFIED,539560000.00,
SURVEY,2016,YEAR - NOV FORECAST,,STATE,SOUTH DAKOTA,46,,,,,,,0,,CORN,"CORN, GRAIN - PRODUCTION, MEASURED IN BU",TOTAL,NOT SPECIFIED,771080000.00,
SURVEY,2016,YEAR - NOV FORECAST,,STATE,WISCONSIN,55,,,,,,,0,,CORN,"CORN, GRAIN - PRODUCTION, MEASURED IN BU",TOTAL,NOT SPECIFIED,558000000.00,
SURVEY,2016,YEAR - OCT FORECAST,,STATE,ILLINOIS,17,,,,,,,0,,CORN,"CORN, GRAIN - PRODUCTION, MEASURED IN BU",TOTAL,NOT SPECIFIED,2323000000.00,
SURVEY,2016,YEAR - OCT FORECAST,,STATE,INDIANA,18,,,,,,,0,,CORN,"CORN, GRAIN - PRODUCTION, MEASURED IN BU",TOTAL,NOT SPECIFIED,957570000.00,
SURVEY,2016,YEAR - OCT FORECAST,,STATE,IOWA,19,,,,,,,0,,CORN,"CORN, GRAIN - PRODUCTION, MEASURED IN BU",TOTAL,NOT SPECIFIED,2673000000.00,
SURVEY,2016,YEAR - OCT FORECAST,,STATE,KANSAS,20,,,,,,,0,,CORN,"CORN, GRAIN - PRODUCTION, MEASURED IN BU",TOTAL,NOT SPECIFIED,712950000.00,
SURVEY,2016,YEAR - OCT FORECAST,,STATE,MICHIGAN,26,,,,,,,0,,CORN,"CORN, GRAIN - PRODUCTION, MEASURED IN BU",TOTAL,NOT SPECIFIED,334800000.00,
SURVEY,2016,YEAR - OCT FORECAST,,STATE,MINNESOTA,27,,,,,,,0,,CORN,"CORN, GRAIN - PRODUCTION, MEASURED IN BU",TOTAL,NOT SPECIFIED,1488000000.00,
SURVEY,2016,YEAR - OCT FORECAST,,STATE,MISSOURI,29,,,,,,,0,,CORN,"CORN, GRAIN - PRODUCTION, MEASURED IN BU",TOTAL,NOT SPECIFIED,585750000.00,
SURVEY,2016,YEAR - OCT FORECAST,,STATE,NEBRASKA,31,,,,,,,0,,CORN,"CORN, GRAIN - PRODUCTION, MEASURED IN BU",TOTAL,NOT SPECIFIED,1719500000.00,
SURVEY,2016,YEAR - OCT FORECAST,,STATE,NORTH DAKOTA,38,,,,,,,0,,CORN,"CORN, GRAIN - PRODUCTION, MEASURED IN BU",TOTAL,NOT SPECIFIED,445250000.00,
SURVEY,2016,YEAR - OCT FORECAST,,STATE,OHIO,39,,,,,,,0,,CORN,"CORN, GRAIN - PRODUCTION, MEASURED IN BU",TOTAL,NOT SPECIFIED,526400000.00,
SURVEY,2016,YEAR - OCT FORECAST,,STATE,SOUTH DAKOTA,46,,,,,,,0,,CORN,"CORN, GRAIN - PRODUCTION, MEASURED IN BU",TOTAL,NOT SPECIFIED,755450000.00,
SURVEY,2016,YEAR - OCT FORECAST,,STATE,WISCONSIN,55,,,,,,,0,,CORN,"CORN, GRAIN - PRODUCTION, MEASURED IN BU",TOTAL,NOT SPECIFIED,548700000.00,
SURVEY,2016,YEAR - SEP FORECAST,,STATE,ILLINOIS,17,,,,,,,0,,CORN,"CORN, GRAIN - PRODUCTION, MEASURED IN BU",TOTAL,NOT SPECIFIED,2300000000.00,
SURVEY,2016,YEAR - SEP FORECAST,,STATE,INDIANA,18,,,,,,,0,,CORN,"CORN, GRAIN - PRODUCTION, MEASURED IN BU",TOTAL,NOT SPECIFIED,1037850000.00,
SURVEY,2016,YEAR - SEP FORECAST,,STATE,IOWA,19,,,,,,,0,,CORN,"CORN, GRAIN - PRODUCTION, MEASURED IN BU",TOTAL,NOT SPECIFIED,2665600000.00,
SURVEY,2016,YEAR - SEP FORECAST,,STATE,KANSAS,20,,,,,,,0,,CORN,"CORN, GRAIN - PRODUCTION, MEASURED IN BU",TOTAL,NOT SPECIFIED,687050000.00,
SURVEY,2016,YEAR - SEP FORECAST,,STATE,MICHIGAN,26,,,,,,,0,,CORN,"CORN, GRAIN - PRODUCTION, MEASURED IN BU",TOTAL,NOT SPECIFIED,339120000.00,
SURVEY,2016,YEAR - SEP FORECAST,,STATE,MINNESOTA,27,,,,,,,0,,CORN,"CORN, GRAIN - PRODUCTION, MEASURED IN BU",TOTAL,NOT SPECIFIED,1472000000.00,
SURVEY,2016,YEAR - SEP FORECAST,,STATE,MISSOURI,29,,,,,,,0,,CORN,"CORN, GRAIN - PRODUCTION, MEASURED IN BU",TOTAL,NOT SPECIFIED,585750000.00,
SURVEY,2016,YEAR - SEP FORECAST,,STATE,NEBRASKA,31,,,,,,,0,,CORN,"CORN, GRAIN - PRODUCTION, MEASURED IN BU",TOTAL,NOT SPECIFIED,1729600000.00,
SURVEY,2016,YEAR - SEP FORECAST,,STATE,NORTH DAKOTA,38,,,,,,,0,,CORN,"CORN, GRAIN - PRODUCTION, MEASURED IN BU",TOTAL,NOT SPECIFIED,438750000.00,
SURVEY,2016,YEAR - SEP FORECAST,,STATE,OHIO,39,,,,,,,0,,CORN,"CORN, GRAIN - PRODUCTION, MEASURED IN BU",TOTAL,NOT SPECIFIED,532980000.00,
SURVEY,2016,YEAR - SEP FORECAST,,STATE,SOUTH DAKOTA,46,,,,,,,0,,CORN,"CORN, GRAIN - PRODUCTION, MEASURED IN BU",TOTAL,NOT SPECIFIED,752600000.00,
SURVEY,2016,YEAR - SEP FORECAST,,STATE,WISCONSIN,55,,,,,,,0,,CORN,"CORN, GRAIN - PRODUCTION, MEASURED IN BU",TOTAL,NOT SPECIFIED,560000000.00,
SURVEY,2015,YEAR,,STATE,ILLINOIS,17,,,,,,,0,,CORN,"CORN, GRAIN - PRODUCTION, MEASURED IN BU",TOTAL,NOT SPECIFIED,2012500000.00,
SURVEY,2015,YEAR,,STATE,INDIANA,18,,,,,,,0,,CORN,"CORN, GRAIN - PRODUCTION, MEASURED IN BU",TOTAL,NOT SPECIFIED,822000000.00,
SURVEY,2015,YEAR,,STATE,IOWA,19,,,,,,,0,,CORN,"CORN, GRAIN - PRODUCTION, MEASURED IN BU",TOTAL,NOT SPECIFIED,2505600000.00,
SURVEY,2015,YEAR,,STATE,KANSAS,20,,,,,,,0,,CORN,"CORN, GRAIN - PRODUCTION, MEASURED IN BU",TOTAL,NOT SPECIFIED,580160000.00,
SURVEY,2015,YEAR,,STATE,MICHIGAN,26,,,,,,,0,,CORN,"CORN, GRAIN - PRODUCTION, MEASURED IN BU",TOTAL,NOT SPECIFIED,335340000.00,
SURVEY,2015,YEAR,,STATE,MINNESOTA,27,,,,,,,0,,CORN,"CORN, GRAIN - PRODUCTION, MEASURED IN BU",TOTAL,NOT SPECIFIED,1428800000.00,
SURVEY,2015,YEAR,,STATE,MISSOURI,29,,,,,,,0,,CORN,"CORN, GRAIN - PRODUCTION, MEASURED IN BU",TOTAL,NOT SPECIFIED,437360000.00,
SURVEY,2015,YEAR,,STATE,NEBRASKA,31,,,,,,,0,,CORN,"CORN, GRAIN - PRODUCTION, MEASURED IN BU",TOTAL,NOT SPECIFIED,1692750000.00,
SURVEY,2015,YEAR,,STATE,NORTH DAKOTA,38,,,,,,,0,,CORN,"CORN, GRAIN - PRODUCTION, MEASURED IN BU",TOTAL,NOT SPECIFIED,327680000.00,
SURVEY,2015,YEAR,,STATE,OHIO,39,,,,,,,0,,CORN,"CORN, GRAIN - PRODUCTION, MEASURED IN BU",TOTAL,NOT SPECIFIED,498780000.00,
SURVEY,2015,YEAR,,STATE,SOUTH DAKOTA,46,,,,,,,0,,CORN,"CORN, GRAIN - PRODUCTION, MEASURED IN BU",TOTAL,NOT SPECIFIED,799770000.00,
SURVEY,2015,YEAR,,STATE,WISCONSIN,55,,,,,,,0,,CORN,"CORN, GRAIN - PRODUCTION, MEASURED IN BU",TOTAL,NOT SPECIFIED,492000000.00,
SURVEY,2015,YEAR - AUG FORECAST,,STATE,ILLINOIS,17,,,,,,,0,,CORN,"CORN, GRAIN - PRODUCTION, MEASURED IN BU",TOTAL,NOT SPECIFIED,2003800000.00,
SURVEY,2015,YEAR - AUG FORECAST,,STATE,INDIANA,18,,,,,,,0,,CORN,"CORN, GRAIN - PRODUCTION, MEASURED IN BU",TOTAL,NOT SPECIFIED,867420000.00,
SURVEY,2015,YEAR - AUG FORECAST,,STATE,IOWA,19,,,,,,,0,,CORN,"CORN, GRAIN - PRODUCTION, MEASURED IN BU",TOTAL,NOT SPECIFIED,2433900000.00,
SURVEY,2015,YEAR - AUG FORECAST,,STATE,KANSAS,20,,,,,,,0,,CORN,"CORN, GRAIN - PRODUCTION, MEASURED IN BU",TOTAL,NOT SPECIFIED,570000000.00,
SURVEY,2015,YEAR - AUG FORECAST,,STATE,MICHIGAN,26,,,,,,,0,,CORN,"CORN, GRAIN - PRODUCTION, MEASURED IN BU",TOTAL,NOT SPECIFIED,351450000.00,
SURVEY,2015,YEAR - AUG FORECAST,,STATE,MINNESOTA,27,,,,,,,0,,CORN,"CORN, GRAIN - PRODUCTION, MEASURED IN BU",TOTAL,NOT SPECIFIED,1426000000.00,
SURVEY,2015,YEAR - AUG FORECAST,,STATE,MISSOURI,29,,,,,,,0,,CORN,"CORN, GRAIN - PRODUCTION, MEASURED IN BU",TOTAL,NOT SPECIFIED,457500000.00,
SURVEY,2015,YEAR - AUG FORECAST,,STATE,NEBRASKA,31,,,,,,,0,,CORN,"CORN, GRAIN - PRODUCTION, MEASURED IN BU",TOTAL,NOT SPECIFIED,1664300000.00,
SURVEY,2015,YEAR - AUG FORECAST,,STATE,NORTH DAKOTA,38,,,,,,,0,,CORN,"CORN, GRAIN - PRODUCTION, MEASURED IN BU",TOTAL,NOT SPECIFIED,321300000.00,
SURVEY,2015,YEAR - AUG FORECAST,,STATE,OHIO,39,,,,,,,0,,CORN,"CORN, GRAIN - PRODUCTION, MEASURED IN BU",TOTAL,NOT SPECIFIED,547680000.00,
SURVEY,2015,YEAR - AUG FORECAST,,STATE,SOUTH DAKOTA,46,,,,,,,0,,CORN,"CORN, GRAIN - PRODUCTION, MEASURED IN BU",TOTAL,NOT SPECIFIED,760000000.00,
SURVEY,2015,YEAR - AUG FORECAST,,STATE,WISCONSIN,55,,,,,,,0,,CORN,"CORN, GRAIN - PRODUCTION, MEASURED IN BU",TOTAL,NOT SPECIFIED,505300000.00,
SURVEY,2015,YEAR - NOV FORECAST,,STATE,ILLINOIS,17,,,,,,,0,,CORN,"CORN, GRAIN - PRODUCTION, MEASURED IN BU",TOTAL,NOT SPECIFIED,1932000000.00,
SURVEY,2015,YEAR - NOV FORECAST,,STATE,INDIANA,18,,,,,,,0,,CORN,"CORN, GRAIN - PRODUCTION, MEASURED IN BU",TOTAL,NOT SPECIFIED,848640000.00,
SURVEY,2015,YEAR - NOV FORECAST,,STATE,IOWA,19,,,,,,,0,,CORN,"CORN, GRAIN - PRODUCTION, MEASURED IN BU",TOTAL,NOT SPECIFIED,2494800000.00,
SURVEY,2015,YEAR - NOV FORECAST,,STATE,KANSAS,20,,,,,,,0,,CORN,"CORN, GRAIN - PRODUCTION, MEASURED IN BU",TOTAL,NOT SPECIFIED,569800000.00,
SURVEY,2015,YEAR - NOV FORECAST,,STATE,MICHIGAN,26,,,,,,,0,,CORN,"CORN, GRAIN - PRODUCTION, MEASURED IN BU",TOTAL,NOT SPECIFIED,341515000.00,
SURVEY,2015,YEAR - NOV FORECAST,,STATE,MINNESOTA,27,,,,,,,0,,CORN,"CORN, GRAIN - PRODUCTION, MEASURED IN BU",TOTAL,NOT SPECIFIED,1449250000.00,
SURVEY,2015,YEAR - NOV FORECAST,,STATE,MISSOURI,29,,,,,,,0,,CORN,"CORN, GRAIN - PRODUCTION, MEASURED IN BU",TOTAL,NOT SPECIFIED,456750000.00,
SURVEY,2015,YEAR - NOV FORECAST,,STATE,NEBRASKA,31,,,,,,,0,,CORN,"CORN, GRAIN - PRODUCTION, MEASURED IN BU",TOTAL,NOT SPECIFIED,1683000000.00,
SURVEY,2015,YEAR - NOV FORECAST,,STATE,NORTH DAKOTA,38,,,,,,,0,,CORN,"CORN, GRAIN - PRODUCTION, MEASURED IN BU",TOTAL,NOT SPECIFIED,322500000.00,
SURVEY,2015,YEAR - NOV FORECAST,,STATE,OHIO,39,,,,,,,0,,CORN,"CORN, GRAIN - PRODUCTION, MEASURED IN BU",TOTAL,NOT SPECIFIED,531380000.00,
SURVEY,2015,YEAR - NOV FORECAST,,STATE,SOUTH DAKOTA,46,,,,,,,0,,CORN,"CORN, GRAIN - PRODUCTION, MEASURED IN BU",TOTAL,NOT SPECIFIED,801900000.00,
SURVEY,2015,YEAR - NOV FORECAST,,STATE,WISCONSIN,55,,,,,,,0,,CORN,"CORN, GRAIN - PRODUCTION, MEASURED IN BU",TOTAL,NOT SPECIFIED,504900000.00,
SURVEY,2015,YEAR - OCT FORECAST,,STATE,ILLINOIS,17,,,,,,,0,,CORN,"CORN, GRAIN - PRODUCTION, MEASURED IN BU",TOTAL,NOT SPECIFIED,1955000000.00,
SURVEY,2015,YEAR - OCT FORECAST,,STATE,INDIANA,18,,,,,,,0,,CORN,"CORN, GRAIN - PRODUCTION, MEASURED IN BU",TOTAL,NOT SPECIFIED,848640000.00,
SURVEY,2015,YEAR - OCT FORECAST,,STATE,IOWA,19,,,,,,,0,,CORN,"CORN, GRAIN - PRODUCTION, MEASURED IN BU",TOTAL,NOT SPECIFIED,2415600000.00,
SURVEY,2015,YEAR - OCT FORECAST,,STATE,KANSAS,20,,,,,,,0,,CORN,"CORN, GRAIN - PRODUCTION, MEASURED IN BU",TOTAL,NOT SPECIFIED,565950000.00,
SURVEY,2015,YEAR - OCT FORECAST,,STATE,MICHIGAN,26,,,,,,,0,,CORN,"CORN, GRAIN - PRODUCTION, MEASURED IN BU",TOTAL,NOT SPECIFIED,341515000.00,
SURVEY,2015,YEAR - OCT FORECAST,,STATE,MINNESOTA,27,,,,,,,0,,CORN,"CORN, GRAIN - PRODUCTION, MEASURED IN BU",TOTAL,NOT SPECIFIED,1426000000.00,
SURVEY,2015,YEAR - OCT FORECAST,,STATE,MISSOURI,29,,,,,,,0,,CORN,"CORN, GRAIN - PRODUCTION, MEASURED IN BU",TOTAL,NOT SPECIFIED,469350000.00,
SURVEY,2015,YEAR - OCT FORECAST,,STATE,NEBRASKA,31,,,,,,,0,,CORN,"CORN, GRAIN - PRODUCTION, MEASURED IN BU",TOTAL,NOT SPECIFIED,1656000000.00,
SURVEY,2015,YEAR - OCT FORECAST,,STATE,NORTH DAKOTA,38,,,,,,,0,,CORN,"CORN, GRAIN - PRODUCTION, MEASURED IN BU",TOTAL,NOT SPECIFIED,315000000.00,
SURVEY,2015,YEAR - OCT FORECAST,,STATE,OHIO,39,,,,,,,0,,CORN,"CORN, GRAIN - PRODUCTION, MEASURED IN BU",TOTAL,NOT SPECIFIED,537900000.00,
SURVEY,2015,YEAR - OCT FORECAST,,STATE,SOUTH DAKOTA,46,,,,,,,0,,CORN,"CORN, GRAIN - PRODUCTION, MEASURED IN BU",TOTAL,NOT SPECIFIED,796950000.00,
SURVEY,2015,YEAR - OCT FORECAST,,STATE,WISCONSIN,55,,,,,,,0,,CORN,"CORN, GRAIN - PRODUCTION, MEASURED IN BU",TOTAL,NOT SPECIFIED,501840000.00,
SURVEY,2015,YEAR - SEP FORECAST,,STATE,ILLINOIS,17,,,,,,,0,,CORN,"CORN, GRAIN - PRODUCTION, MEASURED IN BU",TOTAL,NOT SPECIFIED,2015450000.00,
SURVEY,2015,YEAR - SEP FORECAST,,STATE,INDIANA,18,,,,,,,0,,CORN,"CORN, GRAIN - PRODUCTION, MEASURED IN BU",TOTAL,NOT SPECIFIED,856440000.00,
SURVEY,2015,YEAR - SEP FORECAST,,STATE,IOWA,19,,,,,,,0,,CORN,"CORN, GRAIN - PRODUCTION, MEASURED IN BU",TOTAL,NOT SPECIFIED,2407300000.00,
SURVEY,2015,YEAR - SEP FORECAST,,STATE,KANSAS,20,,,,,,,0,,CORN,"CORN, GRAIN - PRODUCTION, MEASURED IN BU",TOTAL,NOT SPECIFIED,555000000.00,
SURVEY,2015,YEAR - SEP FORECAST,,STATE,MICHIGAN,26,,,,,,,0,,CORN,"CORN, GRAIN - PRODUCTION, MEASURED IN BU",TOTAL,NOT SPECIFIED,349320000.00,
SURVEY,2015,YEAR - SEP FORECAST,,STATE,MINNESOTA,27,,,,,,,0,,CORN,"CORN, GRAIN - PRODUCTION, MEASURED IN BU",TOTAL,NOT SPECIFIED,1418250000.00,
SURVEY,2015,YEAR - SEP FORECAST,,STATE,MISSOURI,29,,,,,,,0,,CORN,"CORN, GRAIN - PRODUCTION, MEASURED IN BU",TOTAL,NOT SPECIFIED,457500000.00,
SURVEY,2015,YEAR - SEP FORECAST,,STATE,NEBRASKA,31,,,,,,,0,,CORN,"CORN, GRAIN - PRODUCTION, MEASURED IN BU",TOTAL,NOT SPECIFIED,1637600000.00,
SURVEY,2015,YEAR - SEP FORECAST,,STATE,NORTH DAKOTA,38,,,,,,,0,,CORN,"CORN, GRAIN - PRODUCTION, MEASURED IN BU",TOTAL,NOT SPECIFIED,326400000.00,
SURVEY,2015,YEAR - SEP FORECAST,,STATE,OHIO,39,,,,,,,0,,CORN,"CORN, GRAIN - PRODUCTION, MEASURED IN BU",TOTAL,NOT SPECIFIED,531380000.00,
SURVEY,2015,YEAR - SEP FORECAST,,STATE,SOUTH DAKOTA,46,,,,,,,0,,CORN,"CORN, GRAIN - PRODUCTION, MEASURED IN BU",TOTAL,NOT SPECIFIED,755250000.00,
SURVEY,2015,YEAR - SEP FORECAST,,STATE,WISCONSIN,55,,,,,,,0,,CORN,"CORN, GRAIN - PRODUCTION, MEASURED IN BU",TOTAL,NOT SPECIFIED,502200000.00,
SURVEY,2014,YEAR,,STATE,ILLINOIS,17,,,,,,,0,,CORN,"CORN, GRAIN - PRODUCTION, MEASURED IN BU",TOTAL,NOT SPECIFIED,2350000000.00,
SURVEY,2014,YEAR,,STATE,INDIANA,18,,,,,,,0,,CORN,"CORN, GRAIN - PRODUCTION, MEASURED IN BU",TOTAL,NOT SPECIFIED,1084760000.00,
SURVEY,2014,YEAR,,STATE,IOWA,19,,,,,,,0,,CORN,"CORN, GRAIN - PRODUCTION, MEASURED IN BU",TOTAL,NOT SPECIFIED,2367400000.00,
SURVEY,2014,YEAR,,STATE,KANSAS,20,,,,,,,0,,CORN,"CORN, GRAIN - PRODUCTION, MEASURED IN BU",TOTAL,NOT SPECIFIED,566200000.00,
SURVEY,2014,YEAR,,STATE,MICHIGAN,26,,,,,,,0,,CORN,"CORN, GRAIN - PRODUCTION, MEASURED IN BU",TOTAL,NOT SPECIFIED,355810000.00,
SURVEY,2014,YEAR,,STATE,MINNESOTA,27,,,,,,,0,,CORN,"CORN, GRAIN - PRODUCTION, MEASURED IN BU",TOTAL,NOT SPECIFIED,1177800000.00,
SURVEY,2014,YEAR,,STATE,MISSOURI,29,,,,,,,0,,CORN,"CORN, GRAIN - PRODUCTION, MEASURED IN BU",TOTAL,NOT SPECIFIED,628680000.00,
SURVEY,2014,YEAR,,STATE,NEBRASKA,31,,,,,,,0,,CORN,"CORN, GRAIN - PRODUCTION, MEASURED IN BU",TOTAL,NOT SPECIFIED,1602050000.00,
SURVEY,2014,YEAR,,STATE,NORTH DAKOTA,38,,,,,,,0,,CORN,"CORN, GRAIN - PRODUCTION, MEASURED IN BU",TOTAL,NOT SPECIFIED,313720000.00,
SURVEY,2014,YEAR,,STATE,OHIO,39,,,,,,,0,,CORN,"CORN, GRAIN - PRODUCTION, MEASURED IN BU",TOTAL,NOT SPECIFIED,612480000.00,
SURVEY,2014,YEAR,,STATE,SOUTH DAKOTA,46,,,,,,,0,,CORN,"CORN, GRAIN - PRODUCTION, MEASURED IN BU",TOTAL,NOT SPECIFIED,787360000.00,
SURVEY,2014,YEAR,,STATE,WISCONSIN,55,,,,,,,0,,CORN,"CORN, GRAIN - PRODUCTION, MEASURED IN BU",TOTAL,NOT SPECIFIED,485160000.00,
SURVEY,2014,YEAR - AUG FORECAST,,STATE,ILLINOIS,17,,,,,,,0,,CORN,"CORN, GRAIN - PRODUCTION, MEASURED IN BU",TOTAL,NOT SPECIFIED,2218400000.00,
SURVEY,2014,YEAR - AUG FORECAST,,STATE,INDIANA,18,,,,,,,0,,CORN,"CORN, GRAIN - PRODUCTION, MEASURED IN BU",TOTAL,NOT SPECIFIED,1047150000.00,
SURVEY,2014,YEAR - AUG FORECAST,,STATE,IOWA,19,,,,,,,0,,CORN,"CORN, GRAIN - PRODUCTION, MEASURED IN BU",TOTAL,NOT SPECIFIED,2442000000.00,
SURVEY,2014,YEAR - AUG FORECAST,,STATE,KANSAS,20,,,,,,,0,,CORN,"CORN, GRAIN - PRODUCTION, MEASURED IN BU",TOTAL,NOT SPECIFIED,543750000.00,
SURVEY,2014,YEAR - AUG FORECAST,,STATE,MICHIGAN,26,,,,,,,0,,CORN,"CORN, GRAIN - PRODUCTION, MEASURED IN BU",TOTAL,NOT SPECIFIED,360640000.00,
SURVEY,2014,YEAR - AUG FORECAST,,STATE,MINNESOTA,27,,,,,,,0,,CORN,"CORN, GRAIN - PRODUCTION, MEASURED IN BU",TOTAL,NOT SPECIFIED,1344000000.00,
SURVEY,2014,YEAR - AUG FORECAST,,STATE,MISSOURI,29,,,,,,,0,,CORN,"CORN, GRAIN - PRODUCTION, MEASURED IN BU",TOTAL,NOT SPECIFIED,532800000.00,
SURVEY,2014,YEAR - AUG FORECAST,,STATE,NEBRASKA,31,,,,,,,0,,CORN,"CORN, GRAIN - PRODUCTION, MEASURED IN BU",TOTAL,NOT SPECIFIED,1513750000.00,
SURVEY,2014,YEAR - AUG FORECAST,,STATE,NORTH DAKOTA,38,,,,,,,0,,CORN,"CORN, GRAIN - PRODUCTION, MEASURED IN BU",TOTAL,NOT SPECIFIED,361950000.00,
SURVEY,2014,YEAR - AUG FORECAST,,STATE,OHIO,39,,,,,,,0,,CORN,"CORN, GRAIN - PRODUCTION, MEASURED IN BU",TOTAL,NOT SPECIFIED,615960000.00,
SURVEY,2014,YEAR - AUG FORECAST,,STATE,SOUTH DAKOTA,46,,,,,,,0,,CORN,"CORN, GRAIN - PRODUCTION, MEASURED IN BU",TOTAL,NOT SPECIFIED,764500000.00,
SURVEY,2014,YEAR - AUG FORECAST,,STATE,WISCONSIN,55,,,,,,,0,,CORN,"CORN, GRAIN - PRODUCTION, MEASURED IN BU",TOTAL,NOT SPECIFIED,491400000.00,
SURVEY,2014,YEAR - NOV FORECAST,,STATE,ILLINOIS,17,,,,,,,0,,CORN,"CORN, GRAIN - PRODUCTION, MEASURED IN BU",TOTAL,NOT SPECIFIED,2340000000.00,
SURVEY,2014,YEAR - NOV FORECAST,,STATE,INDIANA,18,,,,,,,0,,CORN,"CORN, GRAIN - PRODUCTION, MEASURED IN BU",TOTAL,NOT SPECIFIED,1069500000.00,
SURVEY,2014,YEAR - NOV FORECAST,,STATE,IOWA,19,,,,,,,0,,CORN,"CORN, GRAIN - PRODUCTION, MEASURED IN BU",TOTAL,NOT SPECIFIED,2415600000.00,
SURVEY,2014,YEAR - NOV FORECAST,,STATE,KANSAS,20,,,,,,,0,,CORN,"CORN, GRAIN - PRODUCTION, MEASURED IN BU",TOTAL,NOT SPECIFIED,580900000.00,
SURVEY,2014,YEAR - NOV FORECAST,,STATE,MICHIGAN,26,,,,,,,0,,CORN,"CORN, GRAIN - PRODUCTION, MEASURED IN BU",TOTAL,NOT SPECIFIED,363540000.00,
SURVEY,2014,YEAR - NOV FORECAST,,STATE,MINNESOTA,27,,,,,,,0,,CORN,"CORN, GRAIN - PRODUCTION, MEASURED IN BU",TOTAL,NOT SPECIFIED,1287000000.00,
SURVEY,2014,YEAR - NOV FORECAST,,STATE,MISSOURI,29,,,,,,,0,,CORN,"CORN, GRAIN - PRODUCTION, MEASURED IN BU",TOTAL,NOT SPECIFIED,602730000.00,
SURVEY,2014,YEAR - NOV FORECAST,,STATE,NEBRASKA,31,,,,,,,0,,CORN,"CORN, GRAIN - PRODUCTION, MEASURED IN BU",TOTAL,NOT SPECIFIED,1583750000.00,
SURVEY,2014,YEAR - NOV FORECAST,,STATE,NORTH DAKOTA,38,,,,,,,0,,CORN,"CORN, GRAIN - PRODUCTION, MEASURED IN BU",TOTAL,NOT SPECIFIED,352000000.00,
SURVEY,2014,YEAR - NOV FORECAST,,STATE,OHIO,39,,,,,,,0,,CORN,"CORN, GRAIN - PRODUCTION, MEASURED IN BU",TOTAL,NOT SPECIFIED,615960000.00,
SURVEY,2014,YEAR - NOV FORECAST,,STATE,SOUTH DAKOTA,46,,,,,,,0,,CORN,"CORN, GRAIN - PRODUCTION, MEASURED IN BU",TOTAL,NOT SPECIFIED,815400000.00,
SURVEY,2014,YEAR - NOV FORECAST,,STATE,WISCONSIN,55,,,,,,,0,,CORN,"CORN, GRAIN - PRODUCTION, MEASURED IN BU",TOTAL,NOT SPECIFIED,497340000.00,
SURVEY,2014,YEAR - OCT FORECAST,,STATE,ILLINOIS,17,,,,,,,0,,CORN,"CORN, GRAIN - PRODUCTION, MEASURED IN BU",TOTAL,NOT SPECIFIED,2340000000.00,
SURVEY,2014,YEAR - OCT FORECAST,,STATE,INDIANA,18,,,,,,,0,,CORN,"CORN, GRAIN - PRODUCTION, MEASURED IN BU",TOTAL,NOT SPECIFIED,1069500000.00,
SURVEY,2014,YEAR - OCT FORECAST,,STATE,IOWA,19,,,,,,,0,,CORN,"CORN, GRAIN - PRODUCTION, MEASURED IN BU",TOTAL,NOT SPECIFIED,2442000000.00,
SURVEY,2014,YEAR - OCT FORECAST,,STATE,KANSAS,20,,,,,,,0,,CORN,"CORN, GRAIN - PRODUCTION, MEASURED IN BU",TOTAL,NOT SPECIFIED,592000000.00,
SURVEY,2014,YEAR - OCT FORECAST,,STATE,MICHIGAN,26,,,,,,,0,,CORN,"CORN, GRAIN - PRODUCTION, MEASURED IN BU",TOTAL,NOT SPECIFIED,365730000.00,
SURVEY,2014,YEAR - OCT FORECAST,,STATE,MINNESOTA,27,,,,,,,0,,CORN,"CORN, GRAIN - PRODUCTION, MEASURED IN BU",TOTAL,NOT SPECIFIED,1326000000.00,
SURVEY,2014,YEAR - OCT FORECAST,,STATE,MISSOURI,29,,,,,,,0,,CORN,"CORN, GRAIN - PRODUCTION, MEASURED IN BU",TOTAL,NOT SPECIFIED,599400000.00,
SURVEY,2014,YEAR - OCT FORECAST,,STATE,NEBRASKA,31,,,,,,,0,,CORN,"CORN, GRAIN - PRODUCTION, MEASURED IN BU",TOTAL,NOT SPECIFIED,1583750000.00,
SURVEY,2014,YEAR - OCT FORECAST,,STATE,NORTH DAKOTA,38,,,,,,,0,,CORN,"CORN, GRAIN - PRODUCTION, MEASURED IN BU",TOTAL,NOT SPECIFIED,352000000.00,
SURVEY,2014,YEAR - OCT FORECAST,,STATE,OHIO,39,,,,,,,0,,CORN,"CORN, GRAIN - PRODUCTION, MEASURED IN BU",TOTAL,NOT SPECIFIED,619440000.00,
SURVEY,2014,YEAR - OCT FORECAST,,STATE,SOUTH DAKOTA,46,,,,,,,0,,CORN,"CORN, GRAIN - PRODUCTION, MEASURED IN BU",TOTAL,NOT SPECIFIED,815400000.00,
SURVEY,2014,YEAR - OCT FORECAST,,STATE,WISCONSIN,55,,,,,,,0,,CORN,"CORN, GRAIN - PRODUCTION, MEASURED IN BU",TOTAL,NOT SPECIFIED,497340000.00,
SURVEY,2014,YEAR - SEP FORECAST,,STATE,ILLINOIS,17,,,,,,,0,,CORN,"CORN, GRAIN - PRODUCTION, MEASURED IN BU",TOTAL,NOT SPECIFIED,2289200000.00,
SURVEY,2014,YEAR - SEP FORECAST,,STATE,INDIANA,18,,,,,,,0,,CORN,"CORN, GRAIN - PRODUCTION, MEASURED IN BU",TOTAL,NOT SPECIFIED,1076400000.00,
SURVEY,2014,YEAR - SEP FORECAST,,STATE,IOWA,19,,,,,,,0,,CORN,"CORN, GRAIN - PRODUCTION, MEASURED IN BU",TOTAL,NOT SPECIFIED,2442000000.00,
SURVEY,2014,YEAR - SEP FORECAST,,STATE,KANSAS,20,,,,,,,0,,CORN,"CORN, GRAIN - PRODUCTION, MEASURED IN BU",TOTAL,NOT SPECIFIED,577500000.00,
SURVEY,2014,YEAR - SEP FORECAST,,STATE,MICHIGAN,26,,,,,,,0,,CORN,"CORN, GRAIN - PRODUCTION, MEASURED IN BU",TOTAL,NOT SPECIFIED,362880000.00,
SURVEY,2014,YEAR - SEP FORECAST,,STATE,MINNESOTA,27,,,,,,,0,,CORN,"CORN, GRAIN - PRODUCTION, MEASURED IN BU",TOTAL,NOT SPECIFIED,1360000000.00,
SURVEY,2014,YEAR - SEP FORECAST,,STATE,MISSOURI,29,,,,,,,0,,CORN,"CORN, GRAIN - PRODUCTION, MEASURED IN BU",TOTAL,NOT SPECIFIED,562770000.00,
SURVEY,2014,YEAR - SEP FORECAST,,STATE,NEBRASKA,31,,,,,,,0,,CORN,"CORN, GRAIN - PRODUCTION, MEASURED IN BU",TOTAL,NOT SPECIFIED,1566250000.00,
SURVEY,2014,YEAR - SEP FORECAST,,STATE,NORTH DAKOTA,38,,,,,,,0,,CORN,"CORN, GRAIN - PRODUCTION, MEASURED IN BU",TOTAL,NOT SPECIFIED,376200000.00,
SURVEY,2014,YEAR - SEP FORECAST,,STATE,OHIO,39,,,,,,,0,,CORN,"CORN, GRAIN - PRODUCTION, MEASURED IN BU",TOTAL,NOT SPECIFIED,622920000.00,
SURVEY,2014,YEAR - SEP FORECAST,,STATE,SOUTH DAKOTA,46,,,,,,,0,,CORN,"CORN, GRAIN - PRODUCTION, MEASURED IN BU",TOTAL,NOT SPECIFIED,814000000.00,
SURVEY,2014,YEAR - SEP FORECAST,,STATE,WISCONSIN,55,,,,,,,0,,CORN,"CORN, GRAIN - PRODUCTION, MEASURED IN BU",TOTAL,NOT SPECIFIED,510300000.00,
SURVEY,2013,YEAR,,STATE,ILLINOIS,17,,,,,,,0,,CORN,"CORN, GRAIN - PRODUCTION, MEASURED IN BU",TOTAL,NOT SPECIFIED,2100400000.00,
SURVEY,2013,YEAR,,STATE,INDIANA,18,,,,,,,0,,CORN,"CORN, GRAIN - PRODUCTION, MEASURED IN BU",TOTAL,NOT SPECIFIED,1031910000.00,
SURVEY,2013,YEAR,,STATE,IOWA,19,,,,,,,0,,CORN,"CORN, GRAIN - PRODUCTION, MEASURED IN BU",TOTAL,NOT SPECIFIED,2140200000.00,
SURVEY,2013,YEAR,,STATE,KANSAS,20,,,,,,,0,,CORN,"CORN, GRAIN - PRODUCTION, MEASURED IN BU",TOTAL,NOT SPECIFIED,504000000.00,
SURVEY,2013,YEAR,,STATE,MICHIGAN,26,,,,,,,0,,CORN,"CORN, GRAIN - PRODUCTION, MEASURED IN BU",TOTAL,NOT SPECIFIED,345650000.00,
SURVEY,2013,YEAR,,STATE,MINNESOTA,27,,,,,,,0,,CORN,"CORN, GRAIN - PRODUCTION, MEASURED IN BU",TOTAL,NOT SPECIFIED,1294260000.00,
SURVEY,2013,YEAR,,STATE,MISSOURI,29,,,,,,,0,,CORN,"CORN, GRAIN - PRODUCTION, MEASURED IN BU",TOTAL,NOT SPECIFIED,435200000.00,
SURVEY,2013,YEAR,,STATE,NEBRASKA,31,,,,,,,0,,CORN,"CORN, GRAIN - PRODUCTION, MEASURED IN BU",TOTAL,NOT SPECIFIED,1613950000.00,
SURVEY,2013,YEAR,,STATE,NORTH DAKOTA,38,,,,,,,0,,CORN,"CORN, GRAIN - PRODUCTION, MEASURED IN BU",TOTAL,NOT SPECIFIED,396000000.00,
SURVEY,2013,YEAR,,STATE,OHIO,39,,,,,,,0,,CORN,"CORN, GRAIN - PRODUCTION, MEASURED IN BU",TOTAL,NOT SPECIFIED,650760000.00,
SURVEY,2013,YEAR,,STATE,SOUTH DAKOTA,46,,,,,,,0,,CORN,"CORN, GRAIN - PRODUCTION, MEASURED IN BU",TOTAL,NOT SPECIFIED,802820000.00,
SURVEY,2013,YEAR,,STATE,WISCONSIN,55,,,,,,,0,,CORN,"CORN, GRAIN - PRODUCTION, MEASURED IN BU",TOTAL,NOT SPECIFIED,439350000.00,
SURVEY,2013,YEAR - AUG FORECAST,,STATE,ILLINOIS,17,,,,,,,0,,CORN,"CORN, GRAIN - PRODUCTION, MEASURED IN BU",TOTAL,NOT SPECIFIED,1963500000.00,
SURVEY,2013,YEAR - AUG FORECAST,,STATE,INDIANA,18,,,,,,,0,,CORN,"CORN, GRAIN - PRODUCTION, MEASURED IN BU",TOTAL,NOT SPECIFIED,979400000.00,
SURVEY,2013,YEAR - AUG FORECAST,,STATE,IOWA,19,,,,,,,0,,CORN,"CORN, GRAIN - PRODUCTION, MEASURED IN BU",TOTAL,NOT SPECIFIED,2200500000.00,
SURVEY,2013,YEAR - AUG FORECAST,,STATE,KANSAS,20,,,,,,,0,,CORN,"CORN, GRAIN - PRODUCTION, MEASURED IN BU",TOTAL,NOT SPECIFIED,487200000.00,
SURVEY,2013,YEAR - AUG FORECAST,,STATE,MICHIGAN,26,,,,,,,0,,CORN,"CORN, GRAIN - PRODUCTION, MEASURED IN BU",TOTAL,NOT SPECIFIED,390260000.00,
SURVEY,2013,YEAR - AUG FORECAST,,STATE,MINNESOTA,27,,,,,,,0,,CORN,"CORN, GRAIN - PRODUCTION, MEASURED IN BU",TOTAL,NOT SPECIFIED,1361200000.00,
SURVEY,2013,YEAR - AUG FORECAST,,STATE,MISSOURI,29,,,,,,,0,,CORN,"CORN, GRAIN - PRODUCTION, MEASURED IN BU",TOTAL,NOT SPECIFIED,422500000.00,
SURVEY,2013,YEAR - AUG FORECAST,,STATE,NEBRASKA,31,,,,,,,0,,CORN,"CORN, GRAIN - PRODUCTION, MEASURED IN BU",TOTAL,NOT SPECIFIED,1577800000.00,
SURVEY,2013,YEAR - AUG FORECAST,,STATE,NORTH DAKOTA,38,,,,,,,0,,CORN,"CORN, GRAIN - PRODUCTION, MEASURED IN BU",TOTAL,NOT SPECIFIED,417600000.00,
SURVEY,2013,YEAR - AUG FORECAST,,STATE,OHIO,39,,,,,,,0,,CORN,"CORN, GRAIN - PRODUCTION, MEASURED IN BU",TOTAL,NOT SPECIFIED,632960000.00,
SURVEY,2013,YEAR - AUG FORECAST,,STATE,SOUTH DAKOTA,46,,,,,,,0,,CORN,"CORN, GRAIN - PRODUCTION, MEASURED IN BU",TOTAL,NOT SPECIFIED,731400000.00,
SURVEY,2013,YEAR - AUG FORECAST,,STATE,WISCONSIN,55,,,,,,,0,,CORN,"CORN, GRAIN - PRODUCTION, MEASURED IN BU",TOTAL,NOT SPECIFIED,468000000.00,
SURVEY,2013,YEAR - NOV FORECAST,,STATE,ILLINOIS,17,,,,,,,0,,CORN,"CORN, GRAIN - PRODUCTION, MEASURED IN BU",TOTAL,NOT SPECIFIED,2106000000.00,
SURVEY,2013,YEAR - NOV FORECAST,,STATE,INDIANA,18,,,,,,,0,,CORN,"CORN, GRAIN - PRODUCTION, MEASURED IN BU",TOTAL,NOT SPECIFIED,1009200000.00,
SURVEY,2013,YEAR - NOV FORECAST,,STATE,IOWA,19,,,,,,,0,,CORN,"CORN, GRAIN - PRODUCTION, MEASURED IN BU",TOTAL,NOT SPECIFIED,2213900000.00,
SURVEY,2013,YEAR - NOV FORECAST,,STATE,KANSAS,20,,,,,,,0,,CORN,"CORN, GRAIN - PRODUCTION, MEASURED IN BU",TOTAL,NOT SPECIFIED,520000000.00,
SURVEY,2013,YEAR - NOV FORECAST,,STATE,MICHIGAN,26,,,,,,,0,,CORN,"CORN, GRAIN - PRODUCTION, MEASURED IN BU",TOTAL,NOT SPECIFIED,365040000.00,
SURVEY,2013,YEAR - NOV FORECAST,,STATE,MINNESOTA,27,,,,,,,0,,CORN,"CORN, GRAIN - PRODUCTION, MEASURED IN BU",TOTAL,NOT SPECIFIED,1328400000.00,
SURVEY,2013,YEAR - NOV FORECAST,,STATE,MISSOURI,29,,,,,,,0,,CORN,"CORN, GRAIN - PRODUCTION, MEASURED IN BU",TOTAL,NOT SPECIFIED,418950000.00,
SURVEY,2013,YEAR - NOV FORECAST,,STATE,NEBRASKA,31,,,,,,,0,,CORN,"CORN, GRAIN - PRODUCTION, MEASURED IN BU",TOTAL,NOT SPECIFIED,1613950000.00,
SURVEY,2013,YEAR - NOV FORECAST,,STATE,NORTH DAKOTA,38,,,,,,,0,,CORN,"CORN, GRAIN - PRODUCTION, MEASURED IN BU",TOTAL,NOT SPECIFIED,374500000.00,
SURVEY,2013,YEAR - NOV FORECAST,,STATE,OHIO,39,,,,,,,0,,CORN,"CORN, GRAIN - PRODUCTION, MEASURED IN BU",TOTAL,NOT SPECIFIED,631620000.00,
SURVEY,2013,YEAR - NOV FORECAST,,STATE,SOUTH DAKOTA,46,,,,,,,0,,CORN,"CORN, GRAIN - PRODUCTION, MEASURED IN BU",TOTAL,NOT SPECIFIED,812000000.00,
SURVEY,2013,YEAR - NOV FORECAST,,STATE,WISCONSIN,55,,,,,,,0,,CORN,"CORN, GRAIN - PRODUCTION, MEASURED IN BU",TOTAL,NOT SPECIFIED,464000000.00,
SURVEY,2013,YEAR - SEP FORECAST,,STATE,ILLINOIS,17,,,,,,,0,,CORN,"CORN, GRAIN - PRODUCTION, MEASURED IN BU",TOTAL,NOT SPECIFIED,1963500000.00,
SURVEY,2013,YEAR - SEP FORECAST,,STATE,INDIANA,18,,,,,,,0,,CORN,"CORN, GRAIN - PRODUCTION, MEASURED IN BU",TOTAL,NOT SPECIFIED,979400000.00,
SURVEY,2013,YEAR - SEP FORECAST,,STATE,IOWA,19,,,,,,,0,,CORN,"CORN, GRAIN - PRODUCTION, MEASURED IN BU",TOTAL,NOT SPECIFIED,2187000000.00,
SURVEY,2013,YEAR - SEP FORECAST,,STATE,KANSAS,20,,,,,,,0,,CORN,"CORN, GRAIN - PRODUCTION, MEASURED IN BU",TOTAL,NOT SPECIFIED,525000000.00,
SURVEY,2013,YEAR - SEP FORECAST,,STATE,MICHIGAN,26,,,,,,,0,,CORN,"CORN, GRAIN - PRODUCTION, MEASURED IN BU",TOTAL,NOT SPECIFIED,390260000.00,
SURVEY,2013,YEAR - SEP FORECAST,,STATE,MINNESOTA,27,,,,,,,0,,CORN,"CORN, GRAIN - PRODUCTION, MEASURED IN BU",TOTAL,NOT SPECIFIED,1361200000.00,
SURVEY,2013,YEAR - SEP FORECAST,,STATE,MISSOURI,29,,,,,,,0,,CORN,"CORN, GRAIN - PRODUCTION, MEASURED IN BU",TOTAL,NOT SPECIFIED,406250000.00,
SURVEY,2013,YEAR - SEP FORECAST,,STATE,NEBRASKA,31,,,,,,,0,,CORN,"CORN, GRAIN - PRODUCTION, MEASURED IN BU",TOTAL,NOT SPECIFIED,1607200000.00,
SURVEY,2013,YEAR - SEP FORECAST,,STATE,NORTH DAKOTA,38,,,,,,,0,,CORN,"CORN, GRAIN - PRODUCTION, MEASURED IN BU",TOTAL,NOT SPECIFIED,399600000.00,
SURVEY,2013,YEAR - SEP FORECAST,,STATE,OHIO,39,,,,,,,0,,CORN,"CORN, GRAIN - PRODUCTION, MEASURED IN BU",TOTAL,NOT SPECIFIED,632960000.00,
SURVEY,2013,YEAR - SEP FORECAST,,STATE,SOUTH DAKOTA,46,,,,,,,0,,CORN,"CORN, GRAIN - PRODUCTION, MEASURED IN BU",TOTAL,NOT SPECIFIED,768500000.00,
SURVEY,2013,YEAR - SEP FORECAST,,STATE,WISCONSIN,55,,,,,,,0,,CORN,"CORN, GRAIN - PRODUCTION, MEASURED IN BU",TOTAL,NOT SPECIFIED,464750000.00,
CENSUS,2012,YEAR,,STATE,ILLINOIS,17,,,,,,,0,,CORN,"CORN, GRAIN - PRODUCTION, MEASURED IN BU",TOTAL,NOT SPECIFIED,1253283049.00,1.5
CENSUS,2012,YEAR,,STATE,INDIANA,18,,,,,,,0,,CORN,"CORN, GRAIN - PRODUCTION, MEASURED IN BU",TOTAL,NOT SPECIFIED,597271090.00,1
CENSUS,2012,YEAR,,STATE,IOWA,19,,,,,,,0,,CORN,"CORN, GRAIN - PRODUCTION, MEASURED IN BU",TOTAL,NOT SPECIFIED,1835358239.00,4
CENSUS,2012,YEAR,,STATE,KANSAS,20,,,,,,,0,,CORN,"CORN, GRAIN - PRODUCTION, MEASURED IN BU",TOTAL,NOT SPECIFIED,337043923.00,11.8
CENSUS,2012,YEAR,,STATE,MICHIGAN,26,,,,,,,0,,CORN,"CORN, GRAIN - PRODUCTION, MEASURED IN BU",TOTAL,NOT SPECIFIED,313802471.00,1.4
CENSUS,2012,YEAR,,STATE,MINNESOTA,27,,,,,,,0,,CORN,"CORN, GRAIN - PRODUCTION, MEASURED IN BU",TOTAL,NOT SPECIFIED,1297767570.00,2.6
CENSUS,2012,YEAR,,STATE,MISSOURI,29,,,,,,,0,,CORN,"CORN, GRAIN - PRODUCTION, MEASURED IN BU",TOTAL,NOT SPECIFIED,226370607.00,0.9
CENSUS,2012,YEAR,,STATE,NEBRASKA,31,,,,,,,0,,CORN,"CORN, GRAIN - PRODUCTION, MEASURED IN BU",TOTAL,NOT SPECIFIED,1188509521.00,5.1
CENSUS,2012,YEAR,,STATE,NORTH DAKOTA,38,,,,,,,0,,CORN,"CORN, GRAIN - PRODUCTION, MEASURED IN BU",TOTAL,NOT SPECIFIED,406059209.00,3.1
CENSUS,2012,YEAR,,STATE,OHIO,39,,,,,,,0,,CORN,"CORN, GRAIN - PRODUCTION, MEASURED IN BU",TOTAL,NOT SPECIFIED,436832265.00,2.3
CENSUS,2012,YEAR,,STATE,SOUTH DAKOTA,46,,,,,,,0,,CORN,"CORN, GRAIN - PRODUCTION, MEASURED IN BU",TOTAL,NOT SPECIFIED,480330680.00,2.6
CENSUS,2012,YEAR,,STATE,WISCONSIN,55,,,,,,,0,,CORN,"CORN, GRAIN - PRODUCTION, MEASURED IN BU",TOTAL,NOT SPECIFIED,397056812.00,1
SURVEY,2012,YEAR,,STATE,ILLINOIS,17,,,,,,,0,,CORN,"CORN, GRAIN - PRODUCTION, MEASURED IN BU",TOTAL,NOT SPECIFIED,1286250000.00,
SURVEY,2012,YEAR,,STATE,INDIANA,18,,,,,,,0,,CORN,"CORN, GRAIN - PRODUCTION, MEASURED IN BU",TOTAL,NOT SPECIFIED,596970000.00,
SURVEY,2012,YEAR,,STATE,IOWA,19,,,,,,,0,,CORN,"CORN, GRAIN - PRODUCTION, MEASURED IN BU",TOTAL,NOT SPECIFIED,1876900000.00,
SURVEY,2012,YEAR,,STATE,KANSAS,20,,,,,,,0,,CORN,"CORN, GRAIN - PRODUCTION, MEASURED IN BU",TOTAL,NOT SPECIFIED,375250000.00,
SURVEY,2012,YEAR,,STATE,MICHIGAN,26,,,,,,,0,,CORN,"CORN, GRAIN - PRODUCTION, MEASURED IN BU",TOTAL,NOT SPECIFIED,314160000.00,
SURVEY,2012,YEAR,,STATE,MINNESOTA,27,,,,,,,0,,CORN,"CORN, GRAIN - PRODUCTION, MEASURED IN BU",TOTAL,NOT SPECIFIED,1374450000.00,
SURVEY,2012,YEAR,,STATE,MISSOURI,29,,,,,,,0,,CORN,"CORN, GRAIN - PRODUCTION, MEASURED IN BU",TOTAL,NOT SPECIFIED,247500000.00,
SURVEY,2012,YEAR,,STATE,NEBRASKA,31,,,,,,,0,,CORN,"CORN, GRAIN - PRODUCTION, MEASURED IN BU",TOTAL,NOT SPECIFIED,1292200000.00,
SURVEY,2012,YEAR,,STATE,NORTH DAKOTA,38,,,,,,,0,,CORN,"CORN, GRAIN - PRODUCTION, MEASURED IN BU",TOTAL,NOT SPECIFIED,422120000.00,
SURVEY,2012,YEAR,,STATE,OHIO,39,,,,,,,0,,CORN,"CORN, GRAIN - PRODUCTION, MEASURED IN BU",TOTAL,NOT SPECIFIED,438000000.00,
SURVEY,2012,YEAR,,STATE,SOUTH DAKOTA,46,,,,,,,0,,CORN,"CORN, GRAIN - PRODUCTION, MEASURED IN BU",TOTAL,NOT SPECIFIED,535300000.00,
SURVEY,2012,YEAR,,STATE,WISCONSIN,55,,,,,,,0,,CORN,"CORN, GRAIN - PRODUCTION, MEASURED IN BU",TOTAL,NOT SPECIFIED,396000000.00,
SURVEY,2012,YEAR - AUG FORECAST,,STATE,ILLINOIS,17,,,,,,,0,,CORN,"CORN, GRAIN - PRODUCTION, MEASURED IN BU",TOTAL,NOT SPECIFIED,1461600000.00,
SURVEY,2012,YEAR - AUG FORECAST,,STATE,INDIANA,18,,,,,,,0,,CORN,"CORN, GRAIN - PRODUCTION, MEASURED IN BU",TOTAL,NOT SPECIFIED,605000000.00,
SURVEY,2012,YEAR - AUG FORECAST,,STATE,IOWA,19,,,,,,,0,,CORN,"CORN, GRAIN - PRODUCTION, MEASURED IN BU",TOTAL,NOT SPECIFIED,1917600000.00,
SURVEY,2012,YEAR - AUG FORECAST,,STATE,KANSAS,20,,,,,,,0,,CORN,"CORN, GRAIN - PRODUCTION, MEASURED IN BU",TOTAL,NOT SPECIFIED,390600000.00,
SURVEY,2012,YEAR - AUG FORECAST,,STATE,MICHIGAN,26,,,,,,,0,,CORN,"CORN, GRAIN - PRODUCTION, MEASURED IN BU",TOTAL,NOT SPECIFIED,261060000.00,
SURVEY,2012,YEAR - AUG FORECAST,,STATE,MINNESOTA,27,,,,,,,0,,CORN,"CORN, GRAIN - PRODUCTION, MEASURED IN BU",TOTAL,NOT SPECIFIED,1278750000.00,
SURVEY,2012,YEAR - AUG FORECAST,,STATE,MISSOURI,29,,,,,,,0,,CORN,"CORN, GRAIN - PRODUCTION, MEASURED IN BU",TOTAL,NOT SPECIFIED,251250000.00,
SURVEY,2012,YEAR - AUG FORECAST,,STATE,NEBRASKA,31,,,,,,,0,,CORN,"CORN, GRAIN - PRODUCTION, MEASURED IN BU",TOTAL,NOT SPECIFIED,1337700000.00,
SURVEY,2012,YEAR - AUG FORECAST,,STATE,NORTH DAKOTA,38,,,,,,,0,,CORN,"CORN, GRAIN - PRODUCTION, MEASURED IN BU",TOTAL,NOT SPECIFIED,320000000.00,
SURVEY,2012,YEAR - AUG FORECAST,,STATE,OHIO,39,,,,,,,0,,CORN,"CORN, GRAIN - PRODUCTION, MEASURED IN BU",TOTAL,NOT SPECIFIED,456120000.00,
SURVEY,2012,YEAR - AUG FORECAST,,STATE,SOUTH DAKOTA,46,,,,,,,0,,CORN,"CORN, GRAIN - PRODUCTION, MEASURED IN BU",TOTAL,NOT SPECIFIED,519400000.00,
SURVEY,2012,YEAR - AUG FORECAST,,STATE,WISCONSIN,55,,,,,,,0,,CORN,"CORN, GRAIN - PRODUCTION, MEASURED IN BU",TOTAL,NOT SPECIFIED,455400000.00,
SURVEY,2012,YEAR - NOV FORECAST,,STATE,ILLINOIS,17,,,,,,,0,,CORN,"CORN, GRAIN - PRODUCTION, MEASURED IN BU",TOTAL,NOT SPECIFIED,1252400000.00,
SURVEY,2012,YEAR - NOV FORECAST,,STATE,INDIANA,18,,,,,,,0,,CORN,"CORN, GRAIN - PRODUCTION, MEASURED IN BU",TOTAL,NOT SPECIFIED,605000000.00,
SURVEY,2012,YEAR - NOV FORECAST,,STATE,IOWA,19,,,,,,,0,,CORN,"CORN, GRAIN - PRODUCTION, MEASURED IN BU",TOTAL,NOT SPECIFIED,1904300000.00,
SURVEY,2012,YEAR - NOV FORECAST,,STATE,KANSAS,20,,,,,,,0,,CORN,"CORN, GRAIN - PRODUCTION, MEASURED IN BU",TOTAL,NOT SPECIFIED,382200000.00,
SURVEY,2012,YEAR - NOV FORECAST,,STATE,MICHIGAN,26,,,,,,,0,,CORN,"CORN, GRAIN - PRODUCTION, MEASURED IN BU",TOTAL,NOT SPECIFIED,280800000.00,
SURVEY,2012,YEAR - NOV FORECAST,,STATE,MINNESOTA,27,,,,,,,0,,CORN,"CORN, GRAIN - PRODUCTION, MEASURED IN BU",TOTAL,NOT SPECIFIED,1386000000.00,
SURVEY,2012,YEAR - NOV FORECAST,,STATE,MISSOURI,29,,,,,,,0,,CORN,"CORN, GRAIN - PRODUCTION, MEASURED IN BU",TOTAL,NOT SPECIFIED,251250000.00,
SURVEY,2012,YEAR - NOV FORECAST,,STATE,NEBRASKA,31,,,,,,,0,,CORN,"CORN, GRAIN - PRODUCTION, MEASURED IN BU",TOTAL,NOT SPECIFIED,1271850000.00,
SURVEY,2012,YEAR - NOV FORECAST,,STATE,NORTH DAKOTA,38,,,,,,,0,,CORN,"CORN, GRAIN - PRODUCTION, MEASURED IN BU",TOTAL,NOT SPECIFIED,406800000.00,
SURVEY,2012,YEAR - NOV FORECAST,,STATE,OHIO,39,,,,,,,0,,CORN,"CORN, GRAIN - PRODUCTION, MEASURED IN BU",TOTAL,NOT SPECIFIED,452500000.00,
SURVEY,2012,YEAR - NOV FORECAST,,STATE,SOUTH DAKOTA,46,,,,,,,0,,CORN,"CORN, GRAIN - PRODUCTION, MEASURED IN BU",TOTAL,NOT SPECIFIED,502900000.00,
SURVEY,2012,YEAR - NOV FORECAST,,STATE,WISCONSIN,55,,,,,,,0,,CORN,"CORN, GRAIN - PRODUCTION, MEASURED IN BU",TOTAL,NOT SPECIFIED,431250000.00,
SURVEY,2012,YEAR - OCT FORECAST,,STATE,ILLINOIS,17,,,,,,,0,,CORN,"CORN, GRAIN - PRODUCTION, MEASURED IN BU",TOTAL,NOT SPECIFIED,1215200000.00,
SURVEY,2012,YEAR - OCT FORECAST,,STATE,INDIANA,18,,,,,,,0,,CORN,"CORN, GRAIN - PRODUCTION, MEASURED IN BU",TOTAL,NOT SPECIFIED,605000000.00,
SURVEY,2012,YEAR - OCT FORECAST,,STATE,IOWA,19,,,,,,,0,,CORN,"CORN, GRAIN - PRODUCTION, MEASURED IN BU",TOTAL,NOT SPECIFIED,1918000000.00,
SURVEY,2012,YEAR - OCT FORECAST,,STATE,KANSAS,20,,,,,,,0,,CORN,"CORN, GRAIN - PRODUCTION, MEASURED IN BU",TOTAL,NOT SPECIFIED,382200000.00,
SURVEY,2012,YEAR - OCT FORECAST,,STATE,MICHIGAN,26,,,,,,,0,,CORN,"CORN, GRAIN - PRODUCTION, MEASURED IN BU",TOTAL,NOT SPECIFIED,276120000.00,
SURVEY,2012,YEAR - OCT FORECAST,,STATE,MINNESOTA,27,,,,,,,0,,CORN,"CORN, GRAIN - PRODUCTION, MEASURED IN BU",TOTAL,NOT SPECIFIED,1386000000.00,
SURVEY,2012,YEAR - OCT FORECAST,,STATE,MISSOURI,29,,,,,,,0,,CORN,"CORN, GRAIN - PRODUCTION, MEASURED IN BU",TOTAL,NOT SPECIFIED,251250000.00,
SURVEY,2012,YEAR - OCT FORECAST,,STATE,NEBRASKA,31,,,,,,,0,,CORN,"CORN, GRAIN - PRODUCTION, MEASURED IN BU",TOTAL,NOT SPECIFIED,1299300000.00,
SURVEY,2012,YEAR - OCT FORECAST,,STATE,NORTH DAKOTA,38,,,,,,,0,,CORN,"CORN, GRAIN - PRODUCTION, MEASURED IN BU",TOTAL,NOT SPECIFIED,389850000.00,
SURVEY,2012,YEAR - OCT FORECAST,,STATE,OHIO,39,,,,,,,0,,CORN,"CORN, GRAIN - PRODUCTION, MEASURED IN BU",TOTAL,NOT SPECIFIED,445260000.00,
SURVEY,2012,YEAR - OCT FORECAST,,STATE,SOUTH DAKOTA,46,,,,,,,0,,CORN,"CORN, GRAIN - PRODUCTION, MEASURED IN BU",TOTAL,NOT SPECIFIED,502900000.00,
SURVEY,2012,YEAR - OCT FORECAST,,STATE,WISCONSIN,55,,,,,,,0,,CORN,"CORN, GRAIN - PRODUCTION, MEASURED IN BU",TOTAL,NOT SPECIFIED,438150000.00,
SURVEY,2012,YEAR - SEP FORECAST,,STATE,ILLINOIS,17,,,,,,,0,,CORN,"CORN, GRAIN - PRODUCTION, MEASURED IN BU",TOTAL,NOT SPECIFIED,1386000000.00,
SURVEY,2012,YEAR - SEP FORECAST,,STATE,INDIANA,18,,,,,,,0,,CORN,"CORN, GRAIN - PRODUCTION, MEASURED IN BU",TOTAL,NOT SPECIFIED,605000000.00,
SURVEY,2012,YEAR - SEP FORECAST,,STATE,IOWA,19,,,,,,,0,,CORN,"CORN, GRAIN - PRODUCTION, MEASURED IN BU",TOTAL,NOT SPECIFIED,1904000000.00,
SURVEY,2012,YEAR - SEP FORECAST,,STATE,KANSAS,20,,,,,,,0,,CORN,"CORN, GRAIN - PRODUCTION, MEASURED IN BU",TOTAL,NOT SPECIFIED,382200000.00,
SURVEY,2012,YEAR - SEP FORECAST,,STATE,MICHIGAN,26,,,,,,,0,,CORN,"CORN, GRAIN - PRODUCTION, MEASURED IN BU",TOTAL,NOT SPECIFIED,261060000.00,
SURVEY,2012,YEAR - SEP FORECAST,,STATE,MINNESOTA,27,,,,,,,0,,CORN,"CORN, GRAIN - PRODUCTION, MEASURED IN BU",TOTAL,NOT SPECIFIED,1287000000.00,
SURVEY,2012,YEAR - SEP FORECAST,,STATE,MISSOURI,29,,,,,,,0,,CORN,"CORN, GRAIN - PRODUCTION, MEASURED IN BU",TOTAL,NOT SPECIFIED,251250000.00,
SURVEY,2012,YEAR - SEP FORECAST,,STATE,NEBRASKA,31,,,,,,,0,,CORN,"CORN, GRAIN - PRODUCTION, MEASURED IN BU",TOTAL,NOT SPECIFIED,1319500000.00,
SURVEY,2012,YEAR - SEP FORECAST,,STATE,NORTH DAKOTA,38,,,,,,,0,,CORN,"CORN, GRAIN - PRODUCTION, MEASURED IN BU",TOTAL,NOT SPECIFIED,336000000.00,
SURVEY,2012,YEAR - SEP FORECAST,,STATE,OHIO,39,,,,,,,0,,CORN,"CORN, GRAIN - PRODUCTION, MEASURED IN BU",TOTAL,NOT SPECIFIED,456120000.00,
SURVEY,2012,YEAR - SEP FORECAST,,STATE,SOUTH DAKOTA,46,,,,,,,0,,CORN,"CORN, GRAIN - PRODUCTION, MEASURED IN BU",TOTAL,NOT SPECIFIED,508800000.00,
SURVEY,2012,YEAR - SEP FORECAST,,STATE,WISCONSIN,55,,,,,,,0,,CORN,"CORN, GRAIN - PRODUCTION, MEASURED IN BU",TOTAL,NOT SPECIFIED,448500000.00,
SURVEY,2011,YEAR,,STATE,ILLINOIS,17,,,,,,,0,,CORN,"CORN, GRAIN - PRODUCTION, MEASURED IN BU",TOTAL,NOT SPECIFIED,1938950000.00,
SURVEY,2011,YEAR,,STATE,INDIANA,18,,,,,,,0,,CORN,"CORN, GRAIN - PRODUCTION, MEASURED IN BU",TOTAL,NOT SPECIFIED,839500000.00,
SURVEY,2011,YEAR,,STATE,IOWA,19,,,,,,,0,,CORN,"CORN, GRAIN - PRODUCTION, MEASURED IN BU",TOTAL,NOT SPECIFIED,2356400000.00,
SURVEY,2011,YEAR,,STATE,KANSAS,20,,,,,,,0,,CORN,"CORN, GRAIN - PRODUCTION, MEASURED IN BU",TOTAL,NOT SPECIFIED,449400000.00,
SURVEY,2011,YEAR,,STATE,MICHIGAN,26,,,,,,,0,,CORN,"CORN, GRAIN - PRODUCTION, MEASURED IN BU",TOTAL,NOT SPECIFIED,335070000.00,
SURVEY,2011,YEAR,,STATE,MINNESOTA,27,,,,,,,0,,CORN,"CORN, GRAIN - PRODUCTION, MEASURED IN BU",TOTAL,NOT SPECIFIED,1193500000.00,
SURVEY,2011,YEAR,,STATE,MISSOURI,29,,,,,,,0,,CORN,"CORN, GRAIN - PRODUCTION, MEASURED IN BU",TOTAL,NOT SPECIFIED,347700000.00,
SURVEY,2011,YEAR,,STATE,NEBRASKA,31,,,,,,,0,,CORN,"CORN, GRAIN - PRODUCTION, MEASURED IN BU",TOTAL,NOT SPECIFIED,1536000000.00,
SURVEY,2011,YEAR,,STATE,NORTH DAKOTA,38,,,,,,,0,,CORN,"CORN, GRAIN - PRODUCTION, MEASURED IN BU",TOTAL,NOT SPECIFIED,216300000.00,
SURVEY,2011,YEAR,,STATE,OHIO,39,,,,,,,0,,CORN,"CORN, GRAIN - PRODUCTION, MEASURED IN BU",TOTAL,NOT SPECIFIED,489600000.00,
SURVEY,2011,YEAR,,STATE,SOUTH DAKOTA,46,,,,,,,0,,CORN,"CORN, GRAIN - PRODUCTION, MEASURED IN BU",TOTAL,NOT SPECIFIED,653400000.00,
SURVEY,2011,YEAR,,STATE,WISCONSIN,55,,,,,,,0,,CORN,"CORN, GRAIN - PRODUCTION, MEASURED IN BU",TOTAL,NOT SPECIFIED,514600000.00,
SURVEY,2010,YEAR,,STATE,ILLINOIS,17,,,,,,,0,,CORN,"CORN, GRAIN - PRODUCTION, MEASURED IN BU",TOTAL,NOT SPECIFIED,1946800000.00,
SURVEY,2010,YEAR,,STATE,INDIANA,18,,,,,,,0,,CORN,"CORN, GRAIN - PRODUCTION, MEASURED IN BU",TOTAL,NOT SPECIFIED,898040000.00,
SURVEY,2010,YEAR,,STATE,IOWA,19,,,,,,,0,,CORN,"CORN, GRAIN - PRODUCTION, MEASURED IN BU",TOTAL,NOT SPECIFIED,2153250000.00,
SURVEY,2010,YEAR,,STATE,KANSAS,20,,,,,,,0,,CORN,"CORN, GRAIN - PRODUCTION, MEASURED IN BU",TOTAL,NOT SPECIFIED,576600000.00,
SURVEY,2010,YEAR,,STATE,MICHIGAN,26,,,,,,,0,,CORN,"CORN, GRAIN - PRODUCTION, MEASURED IN BU",TOTAL,NOT SPECIFIED,312900000.00,
SURVEY,2010,YEAR,,STATE,MINNESOTA,27,,,,,,,0,,CORN,"CORN, GRAIN - PRODUCTION, MEASURED IN BU",TOTAL,NOT SPECIFIED,1292100000.00,
SURVEY,2010,YEAR,,STATE,MISSOURI,29,,,,,,,0,,CORN,"CORN, GRAIN - PRODUCTION, MEASURED IN BU",TOTAL,NOT SPECIFIED,369000000.00,
SURVEY,2010,YEAR,,STATE,NEBRASKA,31,,,,,,,0,,CORN,"CORN, GRAIN - PRODUCTION, MEASURED IN BU",TOTAL,NOT SPECIFIED,1469100000.00,
SURVEY,2010,YEAR,,STATE,NORTH DAKOTA,38,,,,,,,0,,CORN,"CORN, GRAIN - PRODUCTION, MEASURED IN BU",TOTAL,NOT SPECIFIED,248160000.00,
SURVEY,2010,YEAR,,STATE,OHIO,39,,,,,,,0,,CORN,"CORN, GRAIN - PRODUCTION, MEASURED IN BU",TOTAL,NOT SPECIFIED,523200000.00,
SURVEY,2010,YEAR,,STATE,SOUTH DAKOTA,46,,,,,,,0,,CORN,"CORN, GRAIN - PRODUCTION, MEASURED IN BU",TOTAL,NOT SPECIFIED,569700000.00,
SURVEY,2010,YEAR,,STATE,WISCONSIN,55,,,,,,,0,,CORN,"CORN, GRAIN - PRODUCTION, MEASURED IN BU",TOTAL,NOT SPECIFIED,502200000.00,
SURVEY,2009,YEAR,,STATE,ILLINOIS,17,,,,,,,0,,CORN,"CORN, GRAIN - PRODUCTION, MEASURED IN BU",TOTAL,NOT SPECIFIED,2053200000.00,
SURVEY,2009,YEAR,,STATE,INDIANA,18,,,,,,,0,,CORN,"CORN, GRAIN - PRODUCTION, MEASURED IN BU",TOTAL,NOT SPECIFIED,933660000.00,
SURVEY,2009,YEAR,,STATE,IOWA,19,,,,,,,0,,CORN,"CORN, GRAIN - PRODUCTION, MEASURED IN BU",TOTAL,NOT SPECIFIED,2407300000.00,
SURVEY,2009,YEAR,,STATE,KANSAS,20,,,,,,,0,,CORN,"CORN, GRAIN - PRODUCTION, MEASURED IN BU",TOTAL,NOT SPECIFIED,598300000.00,
SURVEY,2009,YEAR,,STATE,MICHIGAN,26,,,,,,,0,,CORN,"CORN, GRAIN - PRODUCTION, MEASURED IN BU",TOTAL,NOT SPECIFIED,309320000.00,
SURVEY,2009,YEAR,,STATE,MINNESOTA,27,,,,,,,0,,CORN,"CORN, GRAIN - PRODUCTION, MEASURED IN BU",TOTAL,NOT SPECIFIED,1244100000.00,
SURVEY,2009,YEAR,,STATE,MISSOURI,29,,,,,,,0,,CORN,"CORN, GRAIN - PRODUCTION, MEASURED IN BU",TOTAL,NOT SPECIFIED,446760000.00,
SURVEY,2009,YEAR,,STATE,NEBRASKA,31,,,,,,,0,,CORN,"CORN, GRAIN - PRODUCTION, MEASURED IN BU",TOTAL,NOT SPECIFIED,1584150000.00,
SURVEY,2009,YEAR,,STATE,NORTH DAKOTA,38,,,,,,,0,,CORN,"CORN, GRAIN - PRODUCTION, MEASURED IN BU",TOTAL,NOT SPECIFIED,200100000.00,
SURVEY,2009,YEAR,,STATE,OHIO,39,,,,,,,0,,CORN,"CORN, GRAIN - PRODUCTION, MEASURED IN BU",TOTAL,NOT SPECIFIED,536940000.00,
SURVEY,2009,YEAR,,STATE,SOUTH DAKOTA,46,,,,,,,0,,CORN,"CORN, GRAIN - PRODUCTION, MEASURED IN BU",TOTAL,NOT SPECIFIED,706680000.00,
SURVEY,2009,YEAR,,STATE,WISCONSIN,55,,,,,,,0,,CORN,"CORN, GRAIN - PRODUCTION, MEASURED IN BU",TOTAL,NOT SPECIFIED,448290000.00,
SURVEY,2008,YEAR,,STATE,ILLINOIS,17,,,,,,,0,,CORN,"CORN, GRAIN - PRODUCTION, MEASURED IN BU",TOTAL,NOT SPECIFIED,2130100000.00,
SURVEY,2008,YEAR,,STATE,INDIANA,18,,,,,,,0,,CORN,"CORN, GRAIN - PRODUCTION, MEASURED IN BU",TOTAL,NOT SPECIFIED,873600000.00,
SURVEY,2008,YEAR,,STATE,IOWA,19,,,,,,,0,,CORN,"CORN, GRAIN - PRODUCTION, MEASURED IN BU",TOTAL,NOT SPECIFIED,2188800000.00,
SURVEY,2008,YEAR,,STATE,KANSAS,20,,,,,,,0,,CORN,"CORN, GRAIN - PRODUCTION, MEASURED IN BU",TOTAL,NOT SPECIFIED,482790000.00,
SURVEY,2008,YEAR,,STATE,MICHIGAN,26,,,,,,,0,,CORN,"CORN, GRAIN - PRODUCTION, MEASURED IN BU",TOTAL,NOT SPECIFIED,295320000.00,
SURVEY,2008,YEAR,,STATE,MINNESOTA,27,,,,,,,0,,CORN,"CORN, GRAIN - PRODUCTION, MEASURED IN BU",TOTAL,NOT SPECIFIED,1166400000.00,
SURVEY,2008,YEAR,,STATE,MISSOURI,29,,,,,,,0,,CORN,"CORN, GRAIN - PRODUCTION, MEASURED IN BU",TOTAL,NOT SPECIFIED,381600000.00,
SURVEY,2008,YEAR,,STATE,NEBRASKA,31,,,,,,,0,,CORN,"CORN, GRAIN - PRODUCTION, MEASURED IN BU",TOTAL,NOT SPECIFIED,1393650000.00,
SURVEY,2008,YEAR,,STATE,NORTH DAKOTA,38,,,,,,,0,,CORN,"CORN, GRAIN - PRODUCTION, MEASURED IN BU",TOTAL,NOT SPECIFIED,285200000.00,
SURVEY,2008,YEAR,,STATE,OHIO,39,,,,,,,0,,CORN,"CORN, GRAIN - PRODUCTION, MEASURED IN BU",TOTAL,NOT SPECIFIED,408720000.00,
SURVEY,2008,YEAR,,STATE,SOUTH DAKOTA,46,,,,,,,0,,CORN,"CORN, GRAIN - PRODUCTION, MEASURED IN BU",TOTAL,NOT SPECIFIED,585200000.00,
SURVEY,2008,YEAR,,STATE,WISCONSIN,55,,,,,,,0,,CORN,"CORN, GRAIN - PRODUCTION, MEASURED IN BU",TOTAL,NOT SPECIFIED,394560000.00,
CENSUS,2007,YEAR,,STATE,ILLINOIS,17,,,,,,,0,,CORN,"CORN, GRAIN - PRODUCTION, MEASURED IN BU",TOTAL,NOT SPECIFIED,2248664947.00,
CENSUS,2007,YEAR,,STATE,INDIANA,18,,,,,,,0,,CORN,"CORN, GRAIN - PRODUCTION, MEASURED IN BU",TOTAL,NOT SPECIFIED,959947232.00,
CENSUS,2007,YEAR,,STATE,IOWA,19,,,,,,,0,,CORN,"CORN, GRAIN - PRODUCTION, MEASURED IN BU",TOTAL,NOT SPECIFIED,2292163101.00,
CENSUS,2007,YEAR,,STATE,KANSAS,20,,,,,,,0,,CORN,"CORN, GRAIN - PRODUCTION, MEASURED IN BU",TOTAL,NOT SPECIFIED,500560815.00,
CENSUS,2007,YEAR,,STATE,MICHIGAN,26,,,,,,,0,,CORN,"CORN, GRAIN - PRODUCTION, MEASURED IN BU",TOTAL,NOT SPECIFIED,288066336.00,
CENSUS,2007,YEAR,,STATE,MINNESOTA,27,,,,,,,0,,CORN,"CORN, GRAIN - PRODUCTION, MEASURED IN BU",TOTAL,NOT SPECIFIED,1138660229.00,
CENSUS,2007,YEAR,,STATE,MISSOURI,29,,,,,,,0,,CORN,"CORN, GRAIN - PRODUCTION, MEASURED IN BU",TOTAL,NOT SPECIFIED,439417160.00,
CENSUS,2007,YEAR,,STATE,NEBRASKA,31,,,,,,,0,,CORN,"CORN, GRAIN - PRODUCTION, MEASURED IN BU",TOTAL,NOT SPECIFIED,1426459812.00,
CENSUS,2007,YEAR,,STATE,NORTH DAKOTA,38,,,,,,,0,,CORN,"CORN, GRAIN - PRODUCTION, MEASURED IN BU",TOTAL,NOT SPECIFIED,275329681.00,
CENSUS,2007,YEAR,,STATE,OHIO,39,,,,,,,0,,CORN,"CORN, GRAIN - PRODUCTION, MEASURED IN BU",TOTAL,NOT SPECIFIED,526601789.00,
CENSUS,2007,YEAR,,STATE,SOUTH DAKOTA,46,,,,,,,0,,CORN,"CORN, GRAIN - PRODUCTION, MEASURED IN BU",TOTAL,NOT SPECIFIED,518552101.00,
CENSUS,2007,YEAR,,STATE,WISCONSIN,55,,,,,,,0,,CORN,"CORN, GRAIN - PRODUCTION, MEASURED IN BU",TOTAL,NOT SPECIFIED,437174706.00,
SURVEY,2007,YEAR,,STATE,ILLINOIS,17,,,,,,,0,,CORN,"CORN, GRAIN - PRODUCTION, MEASURED IN BU",TOTAL,NOT SPECIFIED,2283750000.00,
SURVEY,2007,YEAR,,STATE,INDIANA,18,,,,,,,0,,CORN,"CORN, GRAIN - PRODUCTION, MEASURED IN BU",TOTAL,NOT SPECIFIED,980980000.00,
SURVEY,2007,YEAR,,STATE,IOWA,19,,,,,,,0,,CORN,"CORN, GRAIN - PRODUCTION, MEASURED IN BU",TOTAL,NOT SPECIFIED,2376900000.00,
SURVEY,2007,YEAR,,STATE,KANSAS,20,,,,,,,0,,CORN,"CORN, GRAIN - PRODUCTION, MEASURED IN BU",TOTAL,NOT SPECIFIED,507840000.00,
SURVEY,2007,YEAR,,STATE,MICHIGAN,26,,,,,,,0,,CORN,"CORN, GRAIN - PRODUCTION, MEASURED IN BU",TOTAL,NOT SPECIFIED,287820000.00,
SURVEY,2007,YEAR,,STATE,MINNESOTA,27,,,,,,,0,,CORN,"CORN, GRAIN - PRODUCTION, MEASURED IN BU",TOTAL,NOT SPECIFIED,1146100000.00,
SURVEY,2007,YEAR,,STATE,MISSOURI,29,,,,,,,0,,CORN,"CORN, GRAIN - PRODUCTION, MEASURED IN BU",TOTAL,NOT SPECIFIED,457800000.00,
SURVEY,2007,YEAR,,STATE,NEBRASKA,31,,,,,,,0,,CORN,"CORN, GRAIN - PRODUCTION, MEASURED IN BU",TOTAL,NOT SPECIFIED,1472000000.00,
SURVEY,2007,YEAR,,STATE,NORTH DAKOTA,38,,,,,,,0,,CORN,"CORN, GRAIN - PRODUCTION, MEASURED IN BU",TOTAL,NOT SPECIFIED,272600000.00,
SURVEY,2007,YEAR,,STATE,OHIO,39,,,,,,,0,,CORN,"CORN, GRAIN - PRODUCTION, MEASURED IN BU",TOTAL,NOT SPECIFIED,541500000.00,
SURVEY,2007,YEAR,,STATE,SOUTH DAKOTA,46,,,,,,,0,,CORN,"CORN, GRAIN - PRODUCTION, MEASURED IN BU",TOTAL,NOT SPECIFIED,542080000.00,
SURVEY,2007,YEAR,,STATE,WISCONSIN,55,,,,,,,0,,CORN,"CORN, GRAIN - PRODUCTION, MEASURED IN BU",TOTAL,NOT SPECIFIED,442800000.00,
SURVEY,2006,YEAR,,STATE,ILLINOIS,17,,,,,,,0,,CORN,"CORN, GRAIN - PRODUCTION, MEASURED IN BU",TOTAL,NOT SPECIFIED,1817450000.00,
SURVEY,2006,YEAR,,STATE,INDIANA,18,,,,,,,0,,CORN,"CORN, GRAIN - PRODUCTION, MEASURED IN BU",TOTAL,NOT SPECIFIED,844660000.00,
SURVEY,2006,YEAR,,STATE,IOWA,19,,,,,,,0,,CORN,"CORN, GRAIN - PRODUCTION, MEASURED IN BU",TOTAL,NOT SPECIFIED,2050100000.00,
SURVEY,2006,YEAR,,STATE,KANSAS,20,,,,,,,0,,CORN,"CORN, GRAIN - PRODUCTION, MEASURED IN BU",TOTAL,NOT SPECIFIED,345000000.00,
SURVEY,2006,YEAR,,STATE,MICHIGAN,26,,,,,,,0,,CORN,"CORN, GRAIN - PRODUCTION, MEASURED IN BU",TOTAL,NOT SPECIFIED,286650000.00,
SURVEY,2006,YEAR,,STATE,MINNESOTA,27,,,,,,,0,,CORN,"CORN, GRAIN - PRODUCTION, MEASURED IN BU",TOTAL,NOT SPECIFIED,1102850000.00,
SURVEY,2006,YEAR,,STATE,MISSOURI,29,,,,,,,0,,CORN,"CORN, GRAIN - PRODUCTION, MEASURED IN BU",TOTAL,NOT SPECIFIED,362940000.00,
SURVEY,2006,YEAR,,STATE,NEBRASKA,31,,,,,,,0,,CORN,"CORN, GRAIN - PRODUCTION, MEASURED IN BU",TOTAL,NOT SPECIFIED,1178000000.00,
SURVEY,2006,YEAR,,STATE,NORTH DAKOTA,38,,,,,,,0,,CORN,"CORN, GRAIN - PRODUCTION, MEASURED IN BU",TOTAL,NOT SPECIFIED,155400000.00,
SURVEY,2006,YEAR,,STATE,OHIO,39,,,,,,,0,,CORN,"CORN, GRAIN - PRODUCTION, MEASURED IN BU",TOTAL,NOT SPECIFIED,470640000.00,
SURVEY,2006,YEAR,,STATE,SOUTH DAKOTA,46,,,,,,,0,,CORN,"CORN, GRAIN - PRODUCTION, MEASURED IN BU",TOTAL,NOT SPECIFIED,312340000.00,
SURVEY,2006,YEAR,,STATE,WISCONSIN,55,,,,,,,0,,CORN,"CORN, GRAIN - PRODUCTION, MEASURED IN BU",TOTAL,NOT SPECIFIED,400400000.00,
SURVEY,2005,YEAR,,STATE,ILLINOIS,17,,,,,,,0,,CORN,"CORN, GRAIN - PRODUCTION, MEASURED IN BU",TOTAL,NOT SPECIFIED,1708850000.00,
SURVEY,2005,YEAR,,STATE,INDIANA,18,,,,,,,0,,CORN,"CORN, GRAIN - PRODUCTION, MEASURED IN BU",TOTAL,NOT SPECIFIED,888580000.00,
SURVEY,2005,YEAR,,STATE,IOWA,19,,,,,,,0,,CORN,"CORN, GRAIN - PRODUCTION, MEASURED IN BU",TOTAL,NOT SPECIFIED,2162500000.00,
SURVEY,2005,YEAR,,STATE,KANSAS,20,,,,,,,0,,CORN,"CORN, GRAIN - PRODUCTION, MEASURED IN BU",TOTAL,NOT SPECIFIED,465750000.00,
SURVEY,2005,YEAR,,STATE,MICHIGAN,26,,,,,,,0,,CORN,"CORN, GRAIN - PRODUCTION, MEASURED IN BU",TOTAL,NOT SPECIFIED,287430000.00,
SURVEY,2005,YEAR,,STATE,MINNESOTA,27,,,,,,,0,,CORN,"CORN, GRAIN - PRODUCTION, MEASURED IN BU",TOTAL,NOT SPECIFIED,1191900000.00,
SURVEY,2005,YEAR,,STATE,MISSOURI,29,,,,,,,0,,CORN,"CORN, GRAIN - PRODUCTION, MEASURED IN BU",TOTAL,NOT SPECIFIED,329670000.00,
SURVEY,2005,YEAR,,STATE,NEBRASKA,31,,,,,,,0,,CORN,"CORN, GRAIN - PRODUCTION, MEASURED IN BU",TOTAL,NOT SPECIFIED,1270500000.00,
SURVEY,2005,YEAR,,STATE,NORTH DAKOTA,38,,,,,,,0,,CORN,"CORN, GRAIN - PRODUCTION, MEASURED IN BU",TOTAL,NOT SPECIFIED,154800000.00,
SURVEY,2005,YEAR,,STATE,OHIO,39,,,,,,,0,,CORN,"CORN, GRAIN - PRODUCTION, MEASURED IN BU",TOTAL,NOT SPECIFIED,464750000.00,
SURVEY,2005,YEAR,,STATE,SOUTH DAKOTA,46,,,,,,,0,,CORN,"CORN, GRAIN - PRODUCTION, MEASURED IN BU",TOTAL,NOT SPECIFIED,470050000.00,
SURVEY,2005,YEAR,,STATE,WISCONSIN,55,,,,,,,0,,CORN,"CORN, GRAIN - PRODUCTION, MEASURED IN BU",TOTAL,NOT SPECIFIED,429200000.00,
SURVEY,2004,YEAR,,STATE,ILLINOIS,17,,,,,,,0,,CORN,"CORN, GRAIN - PRODUCTION, MEASURED IN BU",TOTAL,NOT SPECIFIED,2088000000.00,
SURVEY,2004,YEAR,,STATE,INDIANA,18,,,,,,,0,,CORN,"CORN, GRAIN - PRODUCTION, MEASURED IN BU",TOTAL,NOT SPECIFIED,929040000.00,
SURVEY,2004,YEAR,,STATE,IOWA,19,,,,,,,0,,CORN,"CORN, GRAIN - PRODUCTION, MEASURED IN BU",TOTAL,NOT SPECIFIED,2244400000.00,
SURVEY,2004,YEAR,,STATE,KANSAS,20,,,,,,,0,,CORN,"CORN, GRAIN - PRODUCTION, MEASURED IN BU",TOTAL,NOT SPECIFIED,432000000.00,
SURVEY,2004,YEAR,,STATE,MICHIGAN,26,,,,,,,0,,CORN,"CORN, GRAIN - PRODUCTION, MEASURED IN BU",TOTAL,NOT SPECIFIED,257280000.00,
SURVEY,2004,YEAR,,STATE,MINNESOTA,27,,,,,,,0,,CORN,"CORN, GRAIN - PRODUCTION, MEASURED IN BU",TOTAL,NOT SPECIFIED,1120950000.00,
SURVEY,2004,YEAR,,STATE,MISSOURI,29,,,,,,,0,,CORN,"CORN, GRAIN - PRODUCTION, MEASURED IN BU",TOTAL,NOT SPECIFIED,466560000.00,
SURVEY,2004,YEAR,,STATE,NEBRASKA,31,,,,,,,0,,CORN,"CORN, GRAIN - PRODUCTION, MEASURED IN BU",TOTAL,NOT SPECIFIED,1319700000.00,
SURVEY,2004,YEAR,,STATE,NORTH DAKOTA,38,,,,,,,0,,CORN,"CORN, GRAIN - PRODUCTION, MEASURED IN BU",TOTAL,NOT SPECIFIED,120750000.00,
SURVEY,2004,YEAR,,STATE,OHIO,39,,,,,,,0,,CORN,"CORN, GRAIN - PRODUCTION, MEASURED IN BU",TOTAL,NOT SPECIFIED,491380000.00,
SURVEY,2004,YEAR,,STATE,SOUTH DAKOTA,46,,,,,,,0,,CORN,"CORN, GRAIN - PRODUCTION, MEASURED IN BU",TOTAL,NOT SPECIFIED,539500000.00,
SURVEY,2004,YEAR,,STATE,WISCONSIN,55,,,,,,,0,,CORN,"CORN, GRAIN - PRODUCTION, MEASURED IN BU",TOTAL,NOT SPECIFIED,353600000.00,
SURVEY,2003,YEAR,,STATE,ILLINOIS,17,,,,,,,0,,CORN,"CORN, GRAIN - PRODUCTION, MEASURED IN BU",TOTAL,NOT SPECIFIED,1812200000.00,
SURVEY,2003,YEAR,,STATE,INDIANA,18,,,,,,,0,,CORN,"CORN, GRAIN - PRODUCTION, MEASURED IN BU",TOTAL,NOT SPECIFIED,786940000.00,
SURVEY,2003,YEAR,,STATE,IOWA,19,,,,,,,0,,CORN,"CORN, GRAIN - PRODUCTION, MEASURED IN BU",TOTAL,NOT SPECIFIED,1868300000.00,
SURVEY,2003,YEAR,,STATE,KANSAS,20,,,,,,,0,,CORN,"CORN, GRAIN - PRODUCTION, MEASURED IN BU",TOTAL,NOT SPECIFIED,300000000.00,
SURVEY,2003,YEAR,,STATE,MICHIGAN,26,,,,,,,0,,CORN,"CORN, GRAIN - PRODUCTION, MEASURED IN BU",TOTAL,NOT SPECIFIED,259840000.00,
SURVEY,2003,YEAR,,STATE,MINNESOTA,27,,,,,,,0,,CORN,"CORN, GRAIN - PRODUCTION, MEASURED IN BU",TOTAL,NOT SPECIFIED,970900000.00,
SURVEY,2003,YEAR,,STATE,MISSOURI,29,,,,,,,0,,CORN,"CORN, GRAIN - PRODUCTION, MEASURED IN BU",TOTAL,NOT SPECIFIED,302400000.00,
SURVEY,2003,YEAR,,STATE,NEBRASKA,31,,,,,,,0,,CORN,"CORN, GRAIN - PRODUCTION, MEASURED IN BU",TOTAL,NOT SPECIFIED,1124200000.00,
SURVEY,2003,YEAR,,STATE,NORTH DAKOTA,38,,,,,,,0,,CORN,"CORN, GRAIN - PRODUCTION, MEASURED IN BU",TOTAL,NOT SPECIFIED,131040000.00,
SURVEY,2003,YEAR,,STATE,OHIO,39,,,,,,,0,,CORN,"CORN, GRAIN - PRODUCTION, MEASURED IN BU",TOTAL,NOT SPECIFIED,478920000.00,
SURVEY,2003,YEAR,,STATE,SOUTH DAKOTA,46,,,,,,,0,,CORN,"CORN, GRAIN - PRODUCTION, MEASURED IN BU",TOTAL,NOT SPECIFIED,427350000.00,
SURVEY,2003,YEAR,,STATE,WISCONSIN,55,,,,,,,0,,CORN,"CORN, GRAIN - PRODUCTION, MEASURED IN BU",TOTAL,NOT SPECIFIED,367650000.00,
CENSUS,2002,YEAR,,STATE,ILLINOIS,17,,,,,,,0,,CORN,"CORN, GRAIN - PRODUCTION, MEASURED IN BU",TOTAL,NOT SPECIFIED,1418566127.00,
CENSUS,2002,YEAR,,STATE,INDIANA,18,,,,,,,0,,CORN,"CORN, GRAIN - PRODUCTION, MEASURED IN BU",TOTAL,NOT SPECIFIED,606156476.00,
CENSUS,2002,YEAR,,STATE,IOWA,19,,,,,,,0,,CORN,"CORN, GRAIN - PRODUCTION, MEASURED IN BU",TOTAL,NOT SPECIFIED,1851276224.00,
CENSUS,2002,YEAR,,STATE,KANSAS,20,,,,,,,0,,CORN,"CORN, GRAIN - PRODUCTION, MEASURED IN BU",TOTAL,NOT SPECIFIED,289681829.00,
CENSUS,2002,YEAR,,STATE,MICHIGAN,26,,,,,,,0,,CORN,"CORN, GRAIN - PRODUCTION, MEASURED IN BU",TOTAL,NOT SPECIFIED,234709542.00,
CENSUS,2002,YEAR,,STATE,MINNESOTA,27,,,,,,,0,,CORN,"CORN, GRAIN - PRODUCTION, MEASURED IN BU",TOTAL,NOT SPECIFIED,989887877.00,
CENSUS,2002,YEAR,,STATE,MISSOURI,29,,,,,,,0,,CORN,"CORN, GRAIN - PRODUCTION, MEASURED IN BU",TOTAL,NOT SPECIFIED,268224535.00,
CENSUS,2002,YEAR,,STATE,NEBRASKA,31,,,,,,,0,,CORN,"CORN, GRAIN - PRODUCTION, MEASURED IN BU",TOTAL,NOT SPECIFIED,908360246.00,
CENSUS,2002,YEAR,,STATE,NORTH DAKOTA,38,,,,,,,0,,CORN,"CORN, GRAIN - PRODUCTION, MEASURED IN BU",TOTAL,NOT SPECIFIED,111380248.00,
CENSUS,2002,YEAR,,STATE,OHIO,39,,,,,,,0,,CORN,"CORN, GRAIN - PRODUCTION, MEASURED IN BU",TOTAL,NOT SPECIFIED,254817899.00,
CENSUS,2002,YEAR,,STATE,SOUTH DAKOTA,46,,,,,,,0,,CORN,"CORN, GRAIN - PRODUCTION, MEASURED IN BU",TOTAL,NOT SPECIFIED,295166830.00,
CENSUS,2002,YEAR,,STATE,WISCONSIN,55,,,,,,,0,,CORN,"CORN, GRAIN - PRODUCTION, MEASURED IN BU",TOTAL,NOT SPECIFIED,385057040.00,
SURVEY,2002,YEAR,,STATE,ILLINOIS,17,,,,,,,0,,CORN,"CORN, GRAIN - PRODUCTION, MEASURED IN BU",TOTAL,NOT SPECIFIED,1471500000.00,
SURVEY,2002,YEAR,,STATE,INDIANA,18,,,,,,,0,,CORN,"CORN, GRAIN - PRODUCTION, MEASURED IN BU",TOTAL,NOT SPECIFIED,631620000.00,
SURVEY,2002,YEAR,,STATE,IOWA,19,,,,,,,0,,CORN,"CORN, GRAIN - PRODUCTION, MEASURED IN BU",TOTAL,NOT SPECIFIED,1931550000.00,
SURVEY,2002,YEAR,,STATE,KANSAS,20,,,,,,,0,,CORN,"CORN, GRAIN - PRODUCTION, MEASURED IN BU",TOTAL,NOT SPECIFIED,301600000.00,
SURVEY,2002,YEAR,,STATE,MICHIGAN,26,,,,,,,0,,CORN,"CORN, GRAIN - PRODUCTION, MEASURED IN BU",TOTAL,NOT SPECIFIED,234000000.00,
SURVEY,2002,YEAR,,STATE,MINNESOTA,27,,,,,,,0,,CORN,"CORN, GRAIN - PRODUCTION, MEASURED IN BU",TOTAL,NOT SPECIFIED,1051900000.00,
SURVEY,2002,YEAR,,STATE,MISSOURI,29,,,,,,,0,,CORN,"CORN, GRAIN - PRODUCTION, MEASURED IN BU",TOTAL,NOT SPECIFIED,283500000.00,
SURVEY,2002,YEAR,,STATE,NEBRASKA,31,,,,,,,0,,CORN,"CORN, GRAIN - PRODUCTION, MEASURED IN BU",TOTAL,NOT SPECIFIED,940800000.00,
SURVEY,2002,YEAR,,STATE,NORTH DAKOTA,38,,,,,,,0,,CORN,"CORN, GRAIN - PRODUCTION, MEASURED IN BU",TOTAL,NOT SPECIFIED,113430000.00,
SURVEY,2002,YEAR,,STATE,OHIO,39,,,,,,,0,,CORN,"CORN, GRAIN - PRODUCTION, MEASURED IN BU",TOTAL,NOT SPECIFIED,264330000.00,
SURVEY,2002,YEAR,,STATE,SOUTH DAKOTA,46,,,,,,,0,,CORN,"CORN, GRAIN - PRODUCTION, MEASURED IN BU",TOTAL,NOT SPECIFIED,308750000.00,
SURVEY,2002,YEAR,,STATE,WISCONSIN,55,,,,,,,0,,CORN,"CORN, GRAIN - PRODUCTION, MEASURED IN BU",TOTAL,NOT SPECIFIED,391500000.00,
SURVEY,2001,YEAR,,STATE,ILLINOIS,17,,,,,,,0,,CORN,"CORN, GRAIN - PRODUCTION, MEASURED IN BU",TOTAL,NOT SPECIFIED,1649200000.00,
SURVEY,2001,YEAR,,STATE,INDIANA,18,,,,,,,0,,CORN,"CORN, GRAIN - PRODUCTION, MEASURED IN BU",TOTAL,NOT SPECIFIED,884520000.00,
SURVEY,2001,YEAR,,STATE,IOWA,19,,,,,,,0,,CORN,"CORN, GRAIN - PRODUCTION, MEASURED IN BU",TOTAL,NOT SPECIFIED,1664400000.00,
SURVEY,2001,YEAR,,STATE,KANSAS,20,,,,,,,0,,CORN,"CORN, GRAIN - PRODUCTION, MEASURED IN BU",TOTAL,NOT SPECIFIED,387350000.00,
SURVEY,2001,YEAR,,STATE,MICHIGAN,26,,,,,,,0,,CORN,"CORN, GRAIN - PRODUCTION, MEASURED IN BU",TOTAL,NOT SPECIFIED,199500000.00,
SURVEY,2001,YEAR,,STATE,MINNESOTA,27,,,,,,,0,,CORN,"CORN, GRAIN - PRODUCTION, MEASURED IN BU",TOTAL,NOT SPECIFIED,806000000.00,
SURVEY,2001,YEAR,,STATE,MISSOURI,29,,,,,,,0,,CORN,"CORN, GRAIN - PRODUCTION, MEASURED IN BU",TOTAL,NOT SPECIFIED,345800000.00,
SURVEY,2001,YEAR,,STATE,NEBRASKA,31,,,,,,,0,,CORN,"CORN, GRAIN - PRODUCTION, MEASURED IN BU",TOTAL,NOT SPECIFIED,1139250000.00,
SURVEY,2001,YEAR,,STATE,NORTH DAKOTA,38,,,,,,,0,,CORN,"CORN, GRAIN - PRODUCTION, MEASURED IN BU",TOTAL,NOT SPECIFIED,81075000.00,
SURVEY,2001,YEAR,,STATE,OHIO,39,,,,,,,0,,CORN,"CORN, GRAIN - PRODUCTION, MEASURED IN BU",TOTAL,NOT SPECIFIED,437460000.00,
SURVEY,2001,YEAR,,STATE,SOUTH DAKOTA,46,,,,,,,0,,CORN,"CORN, GRAIN - PRODUCTION, MEASURED IN BU",TOTAL,NOT SPECIFIED,370600000.00,
SURVEY,2001,YEAR,,STATE,WISCONSIN,55,,,,,,,0,,CORN,"CORN, GRAIN - PRODUCTION, MEASURED IN BU",TOTAL,NOT SPECIFIED,330200000.00,
SURVEY,2000,YEAR,,STATE,ILLINOIS,17,,,,,,,0,,CORN,"CORN, GRAIN - PRODUCTION, MEASURED IN BU",TOTAL,NOT SPECIFIED,1668550000.00,
SURVEY,2000,YEAR,,STATE,INDIANA,18,,,,,,,0,,CORN,"CORN, GRAIN - PRODUCTION, MEASURED IN BU",TOTAL,NOT SPECIFIED,810300000.00,
SURVEY,2000,YEAR,,STATE,IOWA,19,,,,,,,0,,CORN,"CORN, GRAIN - PRODUCTION, MEASURED IN BU",TOTAL,NOT SPECIFIED,1728000000.00,
SURVEY,2000,YEAR,,STATE,KANSAS,20,,,,,,,0,,CORN,"CORN, GRAIN - PRODUCTION, MEASURED IN BU",TOTAL,NOT SPECIFIED,412100000.00,
SURVEY,2000,YEAR,,STATE,MICHIGAN,26,,,,,,,0,,CORN,"CORN, GRAIN - PRODUCTION, MEASURED IN BU",TOTAL,NOT SPECIFIED,241800000.00,
SURVEY,2000,YEAR,,STATE,MINNESOTA,27,,,,,,,0,,CORN,"CORN, GRAIN - PRODUCTION, MEASURED IN BU",TOTAL,NOT SPECIFIED,964250000.00,
SURVEY,2000,YEAR,,STATE,MISSOURI,29,,,,,,,0,,CORN,"CORN, GRAIN - PRODUCTION, MEASURED IN BU",TOTAL,NOT SPECIFIED,396110000.00,
SURVEY,2000,YEAR,,STATE,NEBRASKA,31,,,,,,,0,,CORN,"CORN, GRAIN - PRODUCTION, MEASURED IN BU",TOTAL,NOT SPECIFIED,1014300000.00,
SURVEY,2000,YEAR,,STATE,NORTH DAKOTA,38,,,,,,,0,,CORN,"CORN, GRAIN - PRODUCTION, MEASURED IN BU",TOTAL,NOT SPECIFIED,104160000.00,
SURVEY,2000,YEAR,,STATE,OHIO,39,,,,,,,0,,CORN,"CORN, GRAIN - PRODUCTION, MEASURED IN BU",TOTAL,NOT SPECIFIED,485100000.00,
SURVEY,2000,YEAR,,STATE,SOUTH DAKOTA,46,,,,,,,0,,CORN,"CORN, GRAIN - PRODUCTION, MEASURED IN BU",TOTAL,NOT SPECIFIED,425600000.00,
SURVEY,2000,YEAR,,STATE,WISCONSIN,55,,,,,,,0,,CORN,"CORN, GRAIN - PRODUCTION, MEASURED IN BU",TOTAL,NOT SPECIFIED,363000000.00,
SURVEY,1999,YEAR,,STATE,ILLINOIS,17,,,,,,,0,,CORN,"CORN, GRAIN - PRODUCTION, MEASURED IN BU",TOTAL,NOT SPECIFIED,1491000000.00,
SURVEY,1999,YEAR,,STATE,INDIANA,18,,,,,,,0,,CORN,"CORN, GRAIN - PRODUCTION, MEASURED IN BU",TOTAL,NOT SPECIFIED,748440000.00,
SURVEY,1999,YEAR,,STATE,IOWA,19,,,,,,,0,,CORN,"CORN, GRAIN - PRODUCTION, MEASURED IN BU",TOTAL,NOT SPECIFIED,1758200000.00,
SURVEY,1999,YEAR,,STATE,KANSAS,20,,,,,,,0,,CORN,"CORN, GRAIN - PRODUCTION, MEASURED IN BU",TOTAL,NOT SPECIFIED,420180000.00,
SURVEY,1999,YEAR,,STATE,MICHIGAN,26,,,,,,,0,,CORN,"CORN, GRAIN - PRODUCTION, MEASURED IN BU",TOTAL,NOT SPECIFIED,253500000.00,
SURVEY,1999,YEAR,,STATE,MINNESOTA,27,,,,,,,0,,CORN,"CORN, GRAIN - PRODUCTION, MEASURED IN BU",TOTAL,NOT SPECIFIED,990000000.00,
SURVEY,1999,YEAR,,STATE,MISSOURI,29,,,,,,,0,,CORN,"CORN, GRAIN - PRODUCTION, MEASURED IN BU",TOTAL,NOT SPECIFIED,247350000.00,
SURVEY,1999,YEAR,,STATE,NEBRASKA,31,,,,,,,0,,CORN,"CORN, GRAIN - PRODUCTION, MEASURED IN BU",TOTAL,NOT SPECIFIED,1153700000.00,
SURVEY,1999,YEAR,,STATE,NORTH DAKOTA,38,,,,,,,0,,CORN,"CORN, GRAIN - PRODUCTION, MEASURED IN BU",TOTAL,NOT SPECIFIED,76635000.00,
SURVEY,1999,YEAR,,STATE,OHIO,39,,,,,,,0,,CORN,"CORN, GRAIN - PRODUCTION, MEASURED IN BU",TOTAL,NOT SPECIFIED,403200000.00,
SURVEY,1999,YEAR,,STATE,SOUTH DAKOTA,46,,,,,,,0,,CORN,"CORN, GRAIN - PRODUCTION, MEASURED IN BU",TOTAL,NOT SPECIFIED,367250000.00,
SURVEY,1999,YEAR,,STATE,WISCONSIN,55,,,,,,,0,,CORN,"CORN, GRAIN - PRODUCTION, MEASURED IN BU",TOTAL,NOT SPECIFIED,407550000.00,
SURVEY,1998,YEAR,,STATE,ILLINOIS,17,,,,,,,0,,CORN,"CORN, GRAIN - PRODUCTION, MEASURED IN BU",TOTAL,NOT SPECIFIED,1473450000.00,
SURVEY,1998,YEAR,,STATE,INDIANA,18,,,,,,,0,,CORN,"CORN, GRAIN - PRODUCTION, MEASURED IN BU",TOTAL,NOT SPECIFIED,760350000.00,
SURVEY,1998,YEAR,,STATE,IOWA,19,,,,,,,0,,CORN,"CORN, GRAIN - PRODUCTION, MEASURED IN BU",TOTAL,NOT SPECIFIED,1769000000.00,
SURVEY,1998,YEAR,,STATE,KANSAS,20,,,,,,,0,,CORN,"CORN, GRAIN - PRODUCTION, MEASURED IN BU",TOTAL,NOT SPECIFIED,418950000.00,
SURVEY,1998,YEAR,,STATE,MICHIGAN,26,,,,,,,0,,CORN,"CORN, GRAIN - PRODUCTION, MEASURED IN BU",TOTAL,NOT SPECIFIED,227550000.00,
SURVEY,1998,YEAR,,STATE,MINNESOTA,27,,,,,,,0,,CORN,"CORN, GRAIN - PRODUCTION, MEASURED IN BU",TOTAL,NOT SPECIFIED,1032750000.00,
SURVEY,1998,YEAR,,STATE,MISSOURI,29,,,,,,,0,,CORN,"CORN, GRAIN - PRODUCTION, MEASURED IN BU",TOTAL,NOT SPECIFIED,285000000.00,
SURVEY,1998,YEAR,,STATE,NEBRASKA,31,,,,,,,0,,CORN,"CORN, GRAIN - PRODUCTION, MEASURED IN BU",TOTAL,NOT SPECIFIED,1239750000.00,
SURVEY,1998,YEAR,,STATE,NORTH DAKOTA,38,,,,,,,0,,CORN,"CORN, GRAIN - PRODUCTION, MEASURED IN BU",TOTAL,NOT SPECIFIED,88275000.00,
SURVEY,1998,YEAR,,STATE,OHIO,39,,,,,,,0,,CORN,"CORN, GRAIN - PRODUCTION, MEASURED IN BU",TOTAL,NOT SPECIFIED,470940000.00,
SURVEY,1998,YEAR,,STATE,SOUTH DAKOTA,46,,,,,,,0,,CORN,"CORN, GRAIN - PRODUCTION, MEASURED IN BU",TOTAL,NOT SPECIFIED,429550000.00,
SURVEY,1998,YEAR,,STATE,WISCONSIN,55,,,,,,,0,,CORN,"CORN, GRAIN - PRODUCTION, MEASURED IN BU",TOTAL,NOT SPECIFIED,404150000.00,
CENSUS,1997,YEAR,,STATE,ILLINOIS,17,,,,,,,0,,CORN,"CORN, GRAIN - PRODUCTION, MEASURED IN BU",TOTAL,NOT SPECIFIED,1372414201.00,
CENSUS,1997,YEAR,,STATE,INDIANA,18,,,,,,,0,,CORN,"CORN, GRAIN - PRODUCTION, MEASURED IN BU",TOTAL,NOT SPECIFIED,657405247.00,
CENSUS,1997,YEAR,,STATE,IOWA,19,,,,,,,0,,CORN,"CORN, GRAIN - PRODUCTION, MEASURED IN BU",TOTAL,NOT SPECIFIED,1581093092.00,
CENSUS,1997,YEAR,,STATE,KANSAS,20,,,,,,,0,,CORN,"CORN, GRAIN - PRODUCTION, MEASURED IN BU",TOTAL,NOT SPECIFIED,351343546.00,
CENSUS,1997,YEAR,,STATE,MICHIGAN,26,,,,,,,0,,CORN,"CORN, GRAIN - PRODUCTION, MEASURED IN BU",TOTAL,NOT SPECIFIED,245261942.00,
CENSUS,1997,YEAR,,STATE,MINNESOTA,27,,,,,,,0,,CORN,"CORN, GRAIN - PRODUCTION, MEASURED IN BU",TOTAL,NOT SPECIFIED,796829406.00,
CENSUS,1997,YEAR,,STATE,MISSOURI,29,,,,,,,0,,CORN,"CORN, GRAIN - PRODUCTION, MEASURED IN BU",TOTAL,NOT SPECIFIED,282896729.00,
CENSUS,1997,YEAR,,STATE,NEBRASKA,31,,,,,,,0,,CORN,"CORN, GRAIN - PRODUCTION, MEASURED IN BU",TOTAL,NOT SPECIFIED,1075047531.00,
CENSUS,1997,YEAR,,STATE,NORTH DAKOTA,38,,,,,,,0,,CORN,"CORN, GRAIN - PRODUCTION, MEASURED IN BU",TOTAL,NOT SPECIFIED,56335638.00,
CENSUS,1997,YEAR,,STATE,OHIO,39,,,,,,,0,,CORN,"CORN, GRAIN - PRODUCTION, MEASURED IN BU",TOTAL,NOT SPECIFIED,434305912.00,
CENSUS,1997,YEAR,,STATE,SOUTH DAKOTA,46,,,,,,,0,,CORN,"CORN, GRAIN - PRODUCTION, MEASURED IN BU",TOTAL,NOT SPECIFIED,302695636.00,
CENSUS,1997,YEAR,,STATE,WISCONSIN,55,,,,,,,0,,CORN,"CORN, GRAIN - PRODUCTION, MEASURED IN BU",TOTAL,NOT SPECIFIED,374550814.00,
SURVEY,1997,YEAR,,STATE,ILLINOIS,17,,,,,,,0,,CORN,"CORN, GRAIN - PRODUCTION, MEASURED IN BU",TOTAL,NOT SPECIFIED,1425450000.00,
SURVEY,1997,YEAR,,STATE,INDIANA,18,,,,,,,0,,CORN,"CORN, GRAIN - PRODUCTION, MEASURED IN BU",TOTAL,NOT SPECIFIED,701500000.00,
SURVEY,1997,YEAR,,STATE,IOWA,19,,,,,,,0,,CORN,"CORN, GRAIN - PRODUCTION, MEASURED IN BU",TOTAL,NOT SPECIFIED,1642200000.00,
SURVEY,1997,YEAR,,STATE,KANSAS,20,,,,,,,0,,CORN,"CORN, GRAIN - PRODUCTION, MEASURED IN BU",TOTAL,NOT SPECIFIED,371800000.00,
SURVEY,1997,YEAR,,STATE,MICHIGAN,26,,,,,,,0,,CORN,"CORN, GRAIN - PRODUCTION, MEASURED IN BU",TOTAL,NOT SPECIFIED,255060000.00,
SURVEY,1997,YEAR,,STATE,MINNESOTA,27,,,,,,,0,,CORN,"CORN, GRAIN - PRODUCTION, MEASURED IN BU",TOTAL,NOT SPECIFIED,851400000.00,
SURVEY,1997,YEAR,,STATE,MISSOURI,29,,,,,,,0,,CORN,"CORN, GRAIN - PRODUCTION, MEASURED IN BU",TOTAL,NOT SPECIFIED,299000000.00,
SURVEY,1997,YEAR,,STATE,NEBRASKA,31,,,,,,,0,,CORN,"CORN, GRAIN - PRODUCTION, MEASURED IN BU",TOTAL,NOT SPECIFIED,1135200000.00,
SURVEY,1997,YEAR,,STATE,NORTH DAKOTA,38,,,,,,,0,,CORN,"CORN, GRAIN - PRODUCTION, MEASURED IN BU",TOTAL,NOT SPECIFIED,58410000.00,
SURVEY,1997,YEAR,,STATE,OHIO,39,,,,,,,0,,CORN,"CORN, GRAIN - PRODUCTION, MEASURED IN BU",TOTAL,NOT SPECIFIED,475700000.00,
SURVEY,1997,YEAR,,STATE,SOUTH DAKOTA,46,,,,,,,0,,CORN,"CORN, GRAIN - PRODUCTION, MEASURED IN BU",TOTAL,NOT SPECIFIED,326400000.00,
SURVEY,1997,YEAR,,STATE,WISCONSIN,55,,,,,,,0,,CORN,"CORN, GRAIN - PRODUCTION, MEASURED IN BU",TOTAL,NOT SPECIFIED,402600000.00,
SURVEY,1996,YEAR,,STATE,ILLINOIS,17,,,,,,,0,,CORN,"CORN, GRAIN - PRODUCTION, MEASURED IN BU",TOTAL,NOT SPECIFIED,1468800000.00,
SURVEY,1996,YEAR,,STATE,INDIANA,18,,,,,,,0,,CORN,"CORN, GRAIN - PRODUCTION, MEASURED IN BU",TOTAL,NOT SPECIFIED,670350000.00,
SURVEY,1996,YEAR,,STATE,IOWA,19,,,,,,,0,,CORN,"CORN, GRAIN - PRODUCTION, MEASURED IN BU",TOTAL,NOT SPECIFIED,1711200000.00,
SURVEY,1996,YEAR,,STATE,KANSAS,20,,,,,,,0,,CORN,"CORN, GRAIN - PRODUCTION, MEASURED IN BU",TOTAL,NOT SPECIFIED,357200000.00,
SURVEY,1996,YEAR,,STATE,MICHIGAN,26,,,,,,,0,,CORN,"CORN, GRAIN - PRODUCTION, MEASURED IN BU",TOTAL,NOT SPECIFIED,211500000.00,
SURVEY,1996,YEAR,,STATE,MINNESOTA,27,,,,,,,0,,CORN,"CORN, GRAIN - PRODUCTION, MEASURED IN BU",TOTAL,NOT SPECIFIED,868750000.00,
SURVEY,1996,YEAR,,STATE,MISSOURI,29,,,,,,,0,,CORN,"CORN, GRAIN - PRODUCTION, MEASURED IN BU",TOTAL,NOT SPECIFIED,340360000.00,
SURVEY,1996,YEAR,,STATE,NEBRASKA,31,,,,,,,0,,CORN,"CORN, GRAIN - PRODUCTION, MEASURED IN BU",TOTAL,NOT SPECIFIED,1179750000.00,
SURVEY,1996,YEAR,,STATE,NORTH DAKOTA,38,,,,,,,0,,CORN,"CORN, GRAIN - PRODUCTION, MEASURED IN BU",TOTAL,NOT SPECIFIED,54600000.00,
SURVEY,1996,YEAR,,STATE,OHIO,39,,,,,,,0,,CORN,"CORN, GRAIN - PRODUCTION, MEASURED IN BU",TOTAL,NOT SPECIFIED,310800000.00,
SURVEY,1996,YEAR,,STATE,SOUTH DAKOTA,46,,,,,,,0,,CORN,"CORN, GRAIN - PRODUCTION, MEASURED IN BU",TOTAL,NOT SPECIFIED,365000000.00,
SURVEY,1996,YEAR,,STATE,WISCONSIN,55,,,,,,,0,,CORN,"CORN, GRAIN - PRODUCTION, MEASURED IN BU",TOTAL,NOT SPECIFIED,333000000.00,
SURVEY,1995,YEAR,,STATE,ILLINOIS,17,,,,,,,0,,CORN,"CORN, GRAIN - PRODUCTION, MEASURED IN BU",TOTAL,NOT SPECIFIED,1130000000.00,
SURVEY,1995,YEAR,,STATE,INDIANA,18,,,,,,,0,,CORN,"CORN, GRAIN - PRODUCTION, MEASURED IN BU",TOTAL,NOT SPECIFIED,598900000.00,
SURVEY,1995,YEAR,,STATE,IOWA,19,,,,,,,0,,CORN,"CORN, GRAIN - PRODUCTION, MEASURED IN BU",TOTAL,NOT SPECIFIED,1426800000.00,
SURVEY,1995,YEAR,,STATE,KANSAS,20,,,,,,,0,,CORN,"CORN, GRAIN - PRODUCTION, MEASURED IN BU",TOTAL,NOT SPECIFIED,244280000.00,
SURVEY,1995,YEAR,,STATE,MICHIGAN,26,,,,,,,0,,CORN,"CORN, GRAIN - PRODUCTION, MEASURED IN BU",TOTAL,NOT SPECIFIED,249550000.00,
SURVEY,1995,YEAR,,STATE,MINNESOTA,27,,,,,,,0,,CORN,"CORN, GRAIN - PRODUCTION, MEASURED IN BU",TOTAL,NOT SPECIFIED,731850000.00,
SURVEY,1995,YEAR,,STATE,MISSOURI,29,,,,,,,0,,CORN,"CORN, GRAIN - PRODUCTION, MEASURED IN BU",TOTAL,NOT SPECIFIED,149940000.00,
SURVEY,1995,YEAR,,STATE,NEBRASKA,31,,,,,,,0,,CORN,"CORN, GRAIN - PRODUCTION, MEASURED IN BU",TOTAL,NOT SPECIFIED,854700000.00,
SURVEY,1995,YEAR,,STATE,NORTH DAKOTA,38,,,,,,,0,,CORN,"CORN, GRAIN - PRODUCTION, MEASURED IN BU",TOTAL,NOT SPECIFIED,40290000.00,
SURVEY,1995,YEAR,,STATE,OHIO,39,,,,,,,0,,CORN,"CORN, GRAIN - PRODUCTION, MEASURED IN BU",TOTAL,NOT SPECIFIED,375100000.00,
SURVEY,1995,YEAR,,STATE,SOUTH DAKOTA,46,,,,,,,0,,CORN,"CORN, GRAIN - PRODUCTION, MEASURED IN BU",TOTAL,NOT SPECIFIED,193550000.00,
SURVEY,1995,YEAR,,STATE,WISCONSIN,55,,,,,,,0,,CORN,"CORN, GRAIN - PRODUCTION, MEASURED IN BU",TOTAL,NOT SPECIFIED,347700000.00,
SURVEY,1994,YEAR,,STATE,ILLINOIS,17,,,,,,,0,,CORN,"CORN, GRAIN - PRODUCTION, MEASURED IN BU",TOTAL,NOT SPECIFIED,1786200000.00,
SURVEY,1994,YEAR,,STATE,INDIANA,18,,,,,,,0,,CORN,"CORN, GRAIN - PRODUCTION, MEASURED IN BU",TOTAL,NOT SPECIFIED,858240000.00,
SURVEY,1994,YEAR,,STATE,IOWA,19,,,,,,,0,,CORN,"CORN, GRAIN - PRODUCTION, MEASURED IN BU",TOTAL,NOT SPECIFIED,1915200000.00,
SURVEY,1994,YEAR,,STATE,KANSAS,20,,,,,,,0,,CORN,"CORN, GRAIN - PRODUCTION, MEASURED IN BU",TOTAL,NOT SPECIFIED,300300000.00,
SURVEY,1994,YEAR,,STATE,MICHIGAN,26,,,,,,,0,,CORN,"CORN, GRAIN - PRODUCTION, MEASURED IN BU",TOTAL,NOT SPECIFIED,255060000.00,
SURVEY,1994,YEAR,,STATE,MINNESOTA,27,,,,,,,0,,CORN,"CORN, GRAIN - PRODUCTION, MEASURED IN BU",TOTAL,NOT SPECIFIED,915900000.00,
SURVEY,1994,YEAR,,STATE,MISSOURI,29,,,,,,,0,,CORN,"CORN, GRAIN - PRODUCTION, MEASURED IN BU",TOTAL,NOT SPECIFIED,271400000.00,
SURVEY,1994,YEAR,,STATE,NEBRASKA,31,,,,,,,0,,CORN,"CORN, GRAIN - PRODUCTION, MEASURED IN BU",TOTAL,NOT SPECIFIED,1146750000.00,
SURVEY,1994,YEAR,,STATE,NORTH DAKOTA,38,,,,,,,0,,CORN,"CORN, GRAIN - PRODUCTION, MEASURED IN BU",TOTAL,NOT SPECIFIED,52000000.00,
SURVEY,1994,YEAR,,STATE,OHIO,39,,,,,,,0,,CORN,"CORN, GRAIN - PRODUCTION, MEASURED IN BU",TOTAL,NOT SPECIFIED,486500000.00,
SURVEY,1994,YEAR,,STATE,SOUTH DAKOTA,46,,,,,,,0,,CORN,"CORN, GRAIN - PRODUCTION, MEASURED IN BU",TOTAL,NOT SPECIFIED,361800000.00,
SURVEY,1994,YEAR,,STATE,WISCONSIN,55,,,,,,,0,,CORN,"CORN, GRAIN - PRODUCTION, MEASURED IN BU",TOTAL,NOT SPECIFIED,437100000.00,
SURVEY,1993,YEAR,,STATE,ILLINOIS,17,,,,,,,0,,CORN,"CORN, GRAIN - PRODUCTION, MEASURED IN BU",TOTAL,NOT SPECIFIED,1300000000.00,
SURVEY,1993,YEAR,,STATE,INDIANA,18,,,,,,,0,,CORN,"CORN, GRAIN - PRODUCTION, MEASURED IN BU",TOTAL,NOT SPECIFIED,712800000.00,
SURVEY,1993,YEAR,,STATE,IOWA,19,,,,,,,0,,CORN,"CORN, GRAIN - PRODUCTION, MEASURED IN BU",TOTAL,NOT SPECIFIED,880000000.00,
SURVEY,1993,YEAR,,STATE,KANSAS,20,,,,,,,0,,CORN,"CORN, GRAIN - PRODUCTION, MEASURED IN BU",TOTAL,NOT SPECIFIED,216000000.00,
SURVEY,1993,YEAR,,STATE,MICHIGAN,26,,,,,,,0,,CORN,"CORN, GRAIN - PRODUCTION, MEASURED IN BU",TOTAL,NOT SPECIFIED,225500000.00,
SURVEY,1993,YEAR,,STATE,MINNESOTA,27,,,,,,,0,,CORN,"CORN, GRAIN - PRODUCTION, MEASURED IN BU",TOTAL,NOT SPECIFIED,322000000.00,
SURVEY,1993,YEAR,,STATE,MISSOURI,29,,,,,,,0,,CORN,"CORN, GRAIN - PRODUCTION, MEASURED IN BU",TOTAL,NOT SPECIFIED,166500000.00,
SURVEY,1993,YEAR,,STATE,NEBRASKA,31,,,,,,,0,,CORN,"CORN, GRAIN - PRODUCTION, MEASURED IN BU",TOTAL,NOT SPECIFIED,785200000.00,
SURVEY,1993,YEAR,,STATE,NORTH DAKOTA,38,,,,,,,0,,CORN,"CORN, GRAIN - PRODUCTION, MEASURED IN BU",TOTAL,NOT SPECIFIED,16425000.00,
SURVEY,1993,YEAR,,STATE,OHIO,39,,,,,,,0,,CORN,"CORN, GRAIN - PRODUCTION, MEASURED IN BU",TOTAL,NOT SPECIFIED,360800000.00,
SURVEY,1993,YEAR,,STATE,SOUTH DAKOTA,46,,,,,,,0,,CORN,"CORN, GRAIN - PRODUCTION, MEASURED IN BU",TOTAL,NOT SPECIFIED,160650000.00,
SURVEY,1993,YEAR,,STATE,WISCONSIN,55,,,,,,,0,,CORN,"CORN, GRAIN - PRODUCTION, MEASURED IN BU",TOTAL,NOT SPECIFIED,216200000.00,
SURVEY,1992,YEAR,,STATE,ILLINOIS,17,,,,,,,0,,CORN,"CORN, GRAIN - PRODUCTION, MEASURED IN BU",TOTAL,NOT SPECIFIED,1646450000.00,
SURVEY,1992,YEAR,,STATE,INDIANA,18,,,,,,,0,,CORN,"CORN, GRAIN - PRODUCTION, MEASURED IN BU",TOTAL,NOT SPECIFIED,877590000.00,
SURVEY,1992,YEAR,,STATE,IOWA,19,,,,,,,0,,CORN,"CORN, GRAIN - PRODUCTION, MEASURED IN BU",TOTAL,NOT SPECIFIED,1903650000.00,
SURVEY,1992,YEAR,,STATE,KANSAS,20,,,,,,,0,,CORN,"CORN, GRAIN - PRODUCTION, MEASURED IN BU",TOTAL,NOT SPECIFIED,259500000.00,
SURVEY,1992,YEAR,,STATE,MICHIGAN,26,,,,,,,0,,CORN,"CORN, GRAIN - PRODUCTION, MEASURED IN BU",TOTAL,NOT SPECIFIED,241500000.00,
SURVEY,1992,YEAR,,STATE,MINNESOTA,27,,,,,,,0,,CORN,"CORN, GRAIN - PRODUCTION, MEASURED IN BU",TOTAL,NOT SPECIFIED,741000000.00,
SURVEY,1992,YEAR,,STATE,MISSOURI,29,,,,,,,0,,CORN,"CORN, GRAIN - PRODUCTION, MEASURED IN BU",TOTAL,NOT SPECIFIED,324000000.00,
SURVEY,1992,YEAR,,STATE,NEBRASKA,31,,,,,,,0,,CORN,"CORN, GRAIN - PRODUCTION, MEASURED IN BU",TOTAL,NOT SPECIFIED,1066500000.00,
SURVEY,1992,YEAR,,STATE,NORTH DAKOTA,38,,,,,,,0,,CORN,"CORN, GRAIN - PRODUCTION, MEASURED IN BU",TOTAL,NOT SPECIFIED,36540000.00,
SURVEY,1992,YEAR,,STATE,OHIO,39,,,,,,,0,,CORN,"CORN, GRAIN - PRODUCTION, MEASURED IN BU",TOTAL,NOT SPECIFIED,507650000.00,
SURVEY,1992,YEAR,,STATE,SOUTH DAKOTA,46,,,,,,,0,,CORN,"CORN, GRAIN - PRODUCTION, MEASURED IN BU",TOTAL,NOT SPECIFIED,277200000.00,
SURVEY,1992,YEAR,,STATE,WISCONSIN,55,,,,,,,0,,CORN,"CORN, GRAIN - PRODUCTION, MEASURED IN BU",TOTAL,NOT SPECIFIED,306800000.00,
SURVEY,1991,YEAR,,STATE,ILLINOIS,17,,,,,,,0,,CORN,"CORN, GRAIN - PRODUCTION, MEASURED IN BU",TOTAL,NOT SPECIFIED,1177000000.00,
SURVEY,1991,YEAR,,STATE,INDIANA,18,,,,,,,0,,CORN,"CORN, GRAIN - PRODUCTION, MEASURED IN BU",TOTAL,NOT SPECIFIED,510600000.00,
SURVEY,1991,YEAR,,STATE,IOWA,19,,,,,,,0,,CORN,"CORN, GRAIN - PRODUCTION, MEASURED IN BU",TOTAL,NOT SPECIFIED,1427400000.00,
SURVEY,1991,YEAR,,STATE,KANSAS,20,,,,,,,0,,CORN,"CORN, GRAIN - PRODUCTION, MEASURED IN BU",TOTAL,NOT SPECIFIED,206250000.00,
SURVEY,1991,YEAR,,STATE,MICHIGAN,26,,,,,,,0,,CORN,"CORN, GRAIN - PRODUCTION, MEASURED IN BU",TOTAL,NOT SPECIFIED,253000000.00,
SURVEY,1991,YEAR,,STATE,MINNESOTA,27,,,,,,,0,,CORN,"CORN, GRAIN - PRODUCTION, MEASURED IN BU",TOTAL,NOT SPECIFIED,720000000.00,
SURVEY,1991,YEAR,,STATE,MISSOURI,29,,,,,,,0,,CORN,"CORN, GRAIN - PRODUCTION, MEASURED IN BU",TOTAL,NOT SPECIFIED,213400000.00,
SURVEY,1991,YEAR,,STATE,NEBRASKA,31,,,,,,,0,,CORN,"CORN, GRAIN - PRODUCTION, MEASURED IN BU",TOTAL,NOT SPECIFIED,990600000.00,
SURVEY,1991,YEAR,,STATE,NORTH DAKOTA,38,,,,,,,0,,CORN,"CORN, GRAIN - PRODUCTION, MEASURED IN BU",TOTAL,NOT SPECIFIED,51300000.00,
SURVEY,1991,YEAR,,STATE,OHIO,39,,,,,,,0,,CORN,"CORN, GRAIN - PRODUCTION, MEASURED IN BU",TOTAL,NOT SPECIFIED,326400000.00,
SURVEY,1991,YEAR,,STATE,SOUTH DAKOTA,46,,,,,,,0,,CORN,"CORN, GRAIN - PRODUCTION, MEASURED IN BU",TOTAL,NOT SPECIFIED,240500000.00,
SURVEY,1991,YEAR,,STATE,WISCONSIN,55,,,,,,,0,,CORN,"CORN, GRAIN - PRODUCTION, MEASURED IN BU",TOTAL,NOT SPECIFIED,380800000.00,
SURVEY,1990,YEAR,,STATE,ILLINOIS,17,,,,,,,0,,CORN,"CORN, GRAIN - PRODUCTION, MEASURED IN BU",TOTAL,NOT SPECIFIED,1320800000.00,
SURVEY,1990,YEAR,,STATE,INDIANA,18,,,,,,,0,,CORN,"CORN, GRAIN - PRODUCTION, MEASURED IN BU",TOTAL,NOT SPECIFIED,703050000.00,
SURVEY,1990,YEAR,,STATE,IOWA,19,,,,,,,0,,CORN,"CORN, GRAIN - PRODUCTION, MEASURED IN BU",TOTAL,NOT SPECIFIED,1562400000.00,
SURVEY,1990,YEAR,,STATE,KANSAS,20,,,,,,,0,,CORN,"CORN, GRAIN - PRODUCTION, MEASURED IN BU",TOTAL,NOT SPECIFIED,188500000.00,
SURVEY,1990,YEAR,,STATE,MICHIGAN,26,,,,,,,0,,CORN,"CORN, GRAIN - PRODUCTION, MEASURED IN BU",TOTAL,NOT SPECIFIED,238050000.00,
SURVEY,1990,YEAR,,STATE,MINNESOTA,27,,,,,,,0,,CORN,"CORN, GRAIN - PRODUCTION, MEASURED IN BU",TOTAL,NOT SPECIFIED,762600000.00,
SURVEY,1990,YEAR,,STATE,MISSOURI,29,,,,,,,0,,CORN,"CORN, GRAIN - PRODUCTION, MEASURED IN BU",TOTAL,NOT SPECIFIED,205800000.00,
SURVEY,1990,YEAR,,STATE,NEBRASKA,31,,,,,,,0,,CORN,"CORN, GRAIN - PRODUCTION, MEASURED IN BU",TOTAL,NOT SPECIFIED,934400000.00,
SURVEY,1990,YEAR,,STATE,NORTH DAKOTA,38,,,,,,,0,,CORN,"CORN, GRAIN - PRODUCTION, MEASURED IN BU",TOTAL,NOT SPECIFIED,36800000.00,
SURVEY,1990,YEAR,,STATE,OHIO,39,,,,,,,0,,CORN,"CORN, GRAIN - PRODUCTION, MEASURED IN BU",TOTAL,NOT SPECIFIED,417450000.00,
SURVEY,1990,YEAR,,STATE,SOUTH DAKOTA,46,,,,,,,0,,CORN,"CORN, GRAIN - PRODUCTION, MEASURED IN BU",TOTAL,NOT SPECIFIED,234000000.00,
SURVEY,1990,YEAR,,STATE,WISCONSIN,55,,,,,,,0,,CORN,"CORN, GRAIN - PRODUCTION, MEASURED IN BU",TOTAL,NOT SPECIFIED,354000000.00,
